NDVI,SAVI,EVI2,NDWI,MNDWI,LAI,LST_K,ET_closed_mm,P_ERA,SW_IN_ERA,TA_ERA,VPD_ERA,WS_ERA,ETo_mm,DOY_sin,DOY_cos,SITE_ID,year
0.3825190674589732,0.13977963957528655,0.1251371590362451,0.3586199580280146,-0.06834173676234438,0.07670734461153597,296.8207461038889,2.989350192274344,0.2031505106856457,188.63726851851854,20.905081685384136,0.503153440985277,3.656939024353566,2.8000000000000003,0.22177215755648186,0.975098513039961,US-Esm,2018
0.3732227173882101,0.2507556325139829,0.2390050656042907,0.11733593405205417,-0.34733031034789846,0.32424904718719477,290.2100143217692,2.2018451125072698,16.482609510489016,139.35541666666666,22.769923146565777,0.3489245665110887,4.328047760035109,3.4000000000000004,0.4784338202547012,0.8781236129591848,US-Esm,2018
0.4575187618554445,0.22189696417288812,0.20552318780363035,0.3046807738328045,-0.22658984730014084,0.25432319031920536,300.2352953366667,3.766073872511197,0.020355254889636857,212.93349537037037,23.856359736124706,0.8569554051988894,4.368185749855685,4.3,0.6990793005655562,0.7150441465537444,US-Esm,2018
0.47057310075154996,0.273159351879646,0.2591995124567945,0.2715751538506675,-0.27101740148611425,0.381778601027156,302.65869261555554,3.42862700495491,0.10944008823798868,222.14719907407405,23.743925984700542,0.9061664036924105,2.3980533002879403,4.6000000000000005,0.8670985522812081,0.4981366284784055,US-Esm,2018
0.4698008035624134,0.31869822550830357,0.30960805973876576,0.05726095542243429,-0.4617116016580349,0.508909227028782,305.35072094777775,3.188255305245862,0.4888504742552868,244.55649884259262,22.95910224914553,0.7284772129715517,2.097632324835977,4.6000000000000005,0.969843196967294,0.24372971360968387,US-Esm,2018
0.36342402158107057,0.2781289213686129,0.26995266756591274,-0.10256075401539584,-0.49226448381031845,0.3949584092987729,310.7403438827273,2.6398239561448027,0.23646652698516846,268.7111805555556,24.204719161987327,0.9378784040249687,3.925257255156719,4.6000000000000005,0.9995786855478958,-0.029025013321975237,US-Esm,2018
0.34474164543746433,0.24604262305852928,0.23534301465238056,-0.11822769232251105,-0.4892480071010928,0.3125208537969255,305.9378080805555,2.510155619166771,0.0004351138613856165,305.3124074074074,23.644257481892925,1.1124049223454213,2.7977663893460587,5.7,0.9540665500578387,-0.2995947563972602,US-Esm,2018
0.3488138092086501,0.1814678443660224,0.1669806257551684,0.13328816118657694,-0.23874070340718917,0.16329020566901237,287.83735339766235,5.383605153103072,3.659740090370076,273.52680555555554,27.051987584431988,0.6301972469789122,2.7832718099610005,6.2,-0.10944576864891556,-0.993992768446958,US-Esm,2018
0.487562856440605,0.2444429928273999,0.22815433899897627,0.3781016865903165,-0.16984035434695824,0.3085685010410001,293.3410540516667,3.1328287037262292,0.0017106531799981894,162.39828703703702,14.405899937947614,0.901595084718458,3.4346224542113046,2.9000000000000004,-0.5267547528105542,0.8500173118187018,US-Esm,2018
0.5095123147524493,0.2887694168654881,0.2747218493987188,0.19776525291825892,-0.39670673150085495,0.42372115886642353,293.7745729216667,2.0125482554524172,0.004121661163480894,161.75300925925924,17.221014912923206,0.8051000800613833,3.574568317935526,3.2,0.2717767384711357,0.9623603298276545,US-Esm,2019
0.46706379576750084,0.2653115623964131,0.25087429913027753,0.19514336240050356,-0.34396038304053916,0.3612821151728654,300.1798369072222,2.1815102318363047,0.3715097903977578,172.80550925925925,20.785173034667995,0.5501643379020734,3.180370535045458,2.5,0.5230943033491326,0.8522748088519838,US-Esm,2019
0.4715413211136315,0.26963509467266666,0.2553642676712776,0.08713669187660365,-0.4419646503348237,0.3725267918922647,305.18076939777774,2.3306371904486283,0.2666860818862915,210.6264752875434,23.92006072998049,0.7250601477274877,2.973332877749606,4.0,0.8916401947968874,0.45274469960737107,US-Esm,2019
0.3772575994505588,0.26163188019908334,0.25072007001845076,-0.1454556859608181,-0.5359674870173855,0.35180177801450524,312.96067335263155,2.9744403816756173,0.01859002054516168,277.99817129629633,24.74710489908857,0.8077316034222822,3.4031257008885567,5.300000000000001,0.9967506498213929,-0.08054900421874167,US-Esm,2019
0.3773746491692916,0.2568229306406074,0.2454292731389409,-0.1393128331874607,-0.5332421655770364,0.3395340179384632,310.5540267035919,3.7224104542565555,0.0008523463748133508,291.7860416666667,22.078409449259464,1.001893081573584,3.035903304840254,5.300000000000001,0.9373419384643772,-0.3484108069446808,US-Esm,2019
0.421516102749279,0.27455446326138044,0.26274090576559567,-0.10741787043384454,-0.5379310824314921,0.38546264839992644,310.33163232477614,3.174861380593494,5.311745405094523,267.3781481481481,25.76258621215823,0.6080306150993197,3.105671683961536,6.0,0.8073707443023492,-0.5900444739548627,US-Esm,2019
0.4001415640074684,0.27119880121116663,0.2600844862529934,-0.11081024619697218,-0.5238121629402331,0.37662219282413206,310.7300480580645,3.420192126061926,0.1805424690246582,299.29275462962966,25.871877288818382,1.1782743637251214,6.158326212535257,5.5,0.6166212130956382,-0.7872599821916922,US-Esm,2019
0.40014912582274603,0.15645126829511063,0.1410391126284928,0.15993202996880895,-0.2755157190664915,0.11051882079962332,310.6232172372222,4.844840431815485,4.018422961223498,307.11925925925925,29.21355845133465,1.0421691348761384,1.165466695033607,7.0,0.11371951458594969,-0.9935128947338007,US-Esm,2019
0.2980198077782716,0.12297169560564401,0.11018451659299655,0.1900255101679393,-0.11612178364323937,0.04364100533097559,310.1016843522222,4.07814455253658,2.421392959888391,275.40020833333335,27.606708780924507,0.6854509254323085,1.4726443331394845,5.300000000000001,-0.4227806579826773,-0.9062320427107697,US-Esm,2019
0.07640696540813735,0.023191387602096453,0.020042968571590453,0.214215990862482,0.17146949459027058,0.0,308.7269018511111,3.614665364919585,14.842732849330913,224.1908101851852,27.561420059204124,0.49783104913999576,2.3212997161424664,6.0,-0.8343701235229537,-0.5512045872199277,US-Esm,2019
0.3122896923762098,0.14325996458796134,0.1296659971487672,0.3538413424006213,0.05469042420096401,0.08368033256654318,302.960117935625,3.642161423679907,0.961184501647774,219.84791377314812,27.182100550333683,0.787153230448734,5.137604956464954,5.2,-0.9994446170919858,-0.033323525711631344,US-Esm,2019
0.23310017135421368,0.08057432968050901,0.07093063515449147,0.2420875872865678,0.015539383021878421,0.0,305.3010963611111,2.6281048962597806,0.18813469765888158,190.2325925925926,26.342649714152046,0.7680971299598843,3.19098440375477,4.6000000000000005,-0.9708824104813836,0.23955655912092708,US-Esm,2019
0.42623863846841986,0.17761955497290913,0.16143403942240228,0.35167799799847904,-0.1150916247039987,0.15500563856776509,298.37621948944445,2.5328438451700457,2.9716968535353283,135.42958333333334,21.505437469482448,0.5494273860136617,4.15867307915312,3.2,-0.7021479494046978,0.7120310787787131,US-Esm,2019
0.47582191625589615,0.23697799984929355,0.22067426564739892,0.23328687138376744,-0.3291497023741523,0.2903097221339523,299.180488035,2.2516343251505684,0.000852346317969932,190.07805555555558,23.05321782430015,1.0208803850250268,4.051541432918827,3.1,0.321057654185271,0.9470596510722283,US-Esm,2020
0.4832843587689207,0.2667677130515446,0.2518895198535955,0.2083773551206382,-0.37526102151373564,0.36505644709286766,297.12023428222216,4.659529890107551,0.0023901462213871127,251.35922526041668,20.299251174926784,1.0565865518909958,6.2201779143533384,4.7,0.9138076496466615,0.40614723863057883,US-Esm,2020
0.37543816166365995,0.25213575802080623,0.24040112791113075,-0.10811572689289892,-0.500499577944932,0.3277072795460269,305.70392689722223,3.275757363619922,0.6127446889827579,291.2383564814815,28.881641642252628,1.2745863356043898,6.173402536368459,6.4,0.9181214482844365,-0.39629913726891813,US-Esm,2020
0.32612316765087107,0.14993326759687875,0.135950812332149,0.21328472918822602,-0.1230132801505648,0.09717563346411355,307.902857317,5.859218136145291,0.7382333278653873,301.94041666666664,28.629257456461612,0.867075888036164,4.342115680062751,7.300000000000001,0.062318379354325076,-0.998056320853012,US-Esm,2020
0.2097271137247895,0.06914941194260052,0.06060035070155906,0.17037985818910248,-0.035238490871773144,0.0,295.05282800611116,5.50553429672082,1.0181859436214353,279.6212268518519,28.286283747355167,0.8667415788646279,3.2708236481445305,7.0,-0.46896519100763184,-0.8832166493127127,US-Esm,2020
0.2572203930510617,0.06299509026235885,0.05463711299194602,0.13861132473219298,-0.05822770909604141,0.0,298.02077705777776,3.5815288383756396,3.1076699494289963,230.5970601851852,28.031365966796898,0.7431179879104999,3.073517503058706,4.5,-0.9671667297977312,-0.2541427094613622,US-Esm,2020
0.3052995818660059,0.046585623166480836,0.03986292976023003,0.3065489452379197,0.15996190927405984,0.0,303.2796823284974,3.8156433875266824,2.716125983567467,162.48277777777778,25.674050267537456,0.43213735856244107,3.904615194588897,4.7,-0.957232443323312,0.28931997761869527,US-Esm,2020
-0.00682966862177208,-0.0013755461770691329,-0.0011694670664157717,0.27915504444402867,0.3548790801406452,0.0,296.71317341888886,5.775214301589113,0.012773275329891476,171.57625,22.881983693440773,0.9281370702317071,7.3258426689083125,3.8000000000000003,-0.6644834655228552,0.7473029667054297,US-Esm,2020
0.22403215309419794,0.06730539137056576,0.0587767033074396,0.43557146054470885,0.2278423045430881,0.0,293.5955699483334,3.770603097229084,0.0010311602522961039,193.20606481481482,18.48144938151044,0.9981431774618775,3.3434080108136737,3.1,0.08590610426133272,0.9963032375991965,US-Esm,2021
0.365354379580686,0.27285362072898955,0.26388606071357457,-0.07503088207063507,-0.4691716011732152,0.3809729090884561,309.4264882594444,3.6536998078227736,0.11561745020571836,265.31703703703704,24.944571431477886,1.1701922604995405,5.296469389643025,5.7,0.9039461929224011,-0.42764620926777464,US-Esm,2021
0.36551980733787587,0.25397568803731146,0.24292114935954048,-0.09840146020159234,-0.486105269695751,0.33233465244288557,314.8786732361111,2.7056804045935046,4.166118783984842,271.6027314814815,27.57040367126467,1.0448790732388662,1.4132832483171012,6.300000000000001,0.753697664392914,-0.6572212950663319,US-Esm,2021
0.42392229420395494,0.20980011119152012,0.19392400029869195,0.11534195754670148,-0.3445409404514566,0.22628580732435072,308.7391075583333,4.6048511094347875,9.565967321349751,254.9770601851852,28.19456761678062,0.7295875646873231,2.220623458868776,6.300000000000001,-0.4990686026885319,-0.8665624788845385,US-Esm,2021
0.3058881812033794,0.12145469993667692,0.10860208042641675,0.21202316460469037,-0.0907671866744171,0.04070499274180225,307.43230150651164,3.5821734187831713,2.3021603390132155,227.92814814814815,27.22231318155927,0.7881574509141706,2.0565864222509807,4.800000000000001,-0.8786374941610001,-0.4774894280028391,US-Esm,2021
0.14576193622948772,0.045810359539692584,0.0398538350860633,0.23812003265295847,0.14027234644109846,0.0,298.7605463,3.873894394874794,6.060123443603147,209.96550925925928,26.482429758707706,0.48763195578805335,1.0727511855533693,4.6000000000000005,-0.9753363880767837,-0.2207236509605022,US-Esm,2021
0.05912932331805983,0.01403152633685093,0.01201746121375783,0.2497233078026198,0.24498869947320226,0.0,302.56454802659573,3.47020220709899,0.11524558067321777,236.6973148148148,26.127770360310894,0.9568567333973248,2.844474911563045,4.5,-0.9986126020839734,0.052658056924614005,US-Esm,2021
0.25160139761362177,0.08215658728185993,0.0722057667740507,0.2924732382986558,0.062102204217277836,0.0,294.40541915,2.7790777576331283,0.011235475426474295,164.21703703703704,18.567875162760437,0.7294355985806887,5.257809205838964,2.6,-0.5978291414589552,0.801623551065242,US-Esm,2021
0.36888458334055907,0.13112365923803987,0.11700885807885576,0.3579595369334396,-0.03524373577033994,0.05955417946287647,300.10709848777776,1.9692569230057557,0.025640253397796187,163.74865740740742,23.109944915771507,0.4558869973916355,1.292914273944117,2.8000000000000003,-0.4051645224207563,0.9142437912130223,US-Esm,2021
0.4435667226596793,0.15848851142222622,0.14243000635900713,0.342738407186961,-0.11647405163440745,0.11472277358808317,300.3704126211111,2.11276196472729,2.372273802752027,151.45162037037036,23.349818801879906,0.5666885581164965,4.899251829030045,3.5,-0.27591294500296043,0.9611826292540837,US-Esm,2021
0.4310335358859316,0.16314108493325782,0.14711949021479914,0.3561154114037993,-0.11792754521774863,0.1243843269734703,293.83981068611115,2.878597224174338,0.0,186.13759259259257,16.953048960367862,0.6854095431442967,3.4977441159261016,3.3000000000000003,-0.14144406768794202,0.9899462489023779,US-Esm,2021
0.41703593043148496,0.1625766677981273,0.1467698604022914,0.312916560399299,-0.1380700477733255,0.12320771858250983,299.93509261366455,2.2664184968103194,0.08668303479453243,164.6325,23.650757726033547,0.5571795481956876,2.1913151451507824,2.9000000000000004,-0.004300592702981974,0.9999907524084426,US-Esm,2021
0.5108227120173515,0.2456363027951322,0.22881430025180982,0.3318633418864668,-0.28858738031357567,0.3115155735484056,296.228268205,2.8357540616212584,0.0,167.941,16.935,7.944,2.012,3.7,0.18809941761179758,0.9821499931752291,US-Esm,2023
0.5117013699673423,0.2624300446759025,0.24641859015851159,0.29553750396255885,-0.31906345154219606,0.35385123486285075,299.70382487499995,2.6441892925552986,0.0,148.722,22.09,8.633,1.912,3.3000000000000003,0.321057654185271,0.9470596510722283,US-Esm,2023
0.4360864722052069,0.19501285794778445,0.17862675103308479,0.2502989166123239,-0.2720671772716383,0.1929568684841074,302.46795866,2.562609318918699,0.584,163.667,23.78,6.861,1.317,4.0,0.7690308592589181,0.6392116531380588,US-Esm,2023
0.49187859951046015,0.26998894250572664,0.25505884792037464,0.16868505337250847,-0.41118168748695433,0.3734521962654865,305.6230021088889,3.517978689710378,1.573,191.502,25.165,10.568,1.61,4.9,0.9138076496466615,0.40614723863057883,US-Esm,2023
0.4183918002362787,0.2704479119865112,0.25837983191001584,-0.10507690639498171,-0.5504132778243477,0.37465368330011556,302.0234978266037,3.4362448342090866,0.0,213.892,19.956,9.048,2.949,3.4000000000000004,0.9608854255574977,0.27694620226893646,US-Esm,2023
0.36794252009416156,0.23964102931362027,0.22720292120339125,-0.15990005429973694,-0.5510636004440664,0.2967885269259558,315.483493985,2.220145095000411,9.793,192.438,24.618,8.047,1.467,4.1000000000000005,0.9912685467787256,-0.13185851571739118,US-Esm,2023
0.3796385090217532,0.22930148116805202,0.21564761411526182,-0.1220190592217205,-0.5299593914633415,0.2718447032979789,309.1613596216667,4.291642998186813,0.0,266.372,25.455,11.873,2.075,6.300000000000001,0.8550745085896932,-0.518505144391157,US-Esm,2023
0.26978652131077796,0.1054496361654897,0.09385226386424483,0.183031529278942,-0.07889976412463882,0.010197356075839626,307.3310310105556,3.370866019887922,4.849,236.586,29.233,8.775,1.094,6.0,-0.07518957641475855,-0.9971692572470178,US-Esm,2023
0.23114276451137622,0.08460941732901874,0.07471798411329623,0.18177853987252995,-0.04751499689971081,0.0,293.38741885999997,4.58647100928856,1.455,223.529,29.567,8.576,1.176,5.4,-0.46896519100763184,-0.8832166493127127,US-Esm,2023
0.10180482898561868,0.0327557639620313,0.028428435421547,0.20240646512364627,0.137331524365019,0.0,305.12040460958906,4.099199704838811,3.658,234.559,30.375,9.229,1.32,6.800000000000001,-0.5856957398073508,-0.8105309990194823,US-Esm,2023
0.13929669643434905,0.050055153513379746,0.04379801504639838,0.24208910649969873,0.13565749312956157,0.0,306.22069143333334,3.4641611039296216,10.822,180.726,28.81,7.236,1.213,4.5,-0.6913512362094071,-0.722518835873311,US-Esm,2023
0.23105166015177503,0.06450136754326063,0.05616433847824414,0.2024397347057456,0.05140381968411505,0.0,298.29847008388896,3.640822541270081,9.073,211.847,29.535,7.816,2.054,5.4,-0.8616928164028521,-0.5074302810827518,US-Esm,2023
0.2223410368527015,0.07992901065882069,0.07045423520864072,0.3065966582985357,0.10191549813979926,0.0,306.2634377822222,3.9313940633906626,0.249,233.247,27.922,10.249,1.07,6.1000000000000005,-0.9231578729647039,-0.38442104726885545,US-Esm,2023
0.5199197614997878,0.19297606870005604,0.17520551804683612,0.3572584871771607,-0.1527038589124072,0.18844435214663902,309.73470082833336,4.223635067494692,5.919,184.74,28.048,7.329,1.066,3.7,-0.9671667297977312,-0.2541427094613622,US-Esm,2023
0.19153001816644358,0.061755748781147694,0.053981527040288406,0.2439585355730344,0.08813544920066212,0.0,303.82301238588235,3.1833552869485424,3.568,156.688,27.028,6.489,2.98,4.2,-0.999832969770105,0.018276557681691223,US-Esm,2023
0.17975916036285855,0.05473477088391169,0.047672743802741134,0.3205062194355428,0.17593795704427426,0.0,301.01263115055553,2.808920584373022,0.959,168.976,27.715,7.639,1.155,4.5,-0.9878726596350429,0.15526624985999563,US-Esm,2023
0.266476282324954,0.08805198730011558,0.07753145427936296,0.3740904211892749,0.11997102965785442,0.0,297.20458764,4.547160645553359,0.0,200.4,21.444,9.157,2.951,4.7,-0.957232443323312,0.28931997761869527,US-Esm,2023
0.40414520381369884,0.16742626350331974,0.1517355978431292,0.3175879173153298,-0.10394684428540035,0.13335872586368674,294.6330604445918,2.2710858987351203,0.022,137.37,25.256,10.093,4.56,4.5,-0.8425720899866032,0.5385835804920232,US-Esm,2023
0.0876724676501835,0.01809970332517823,0.015467736974600677,0.2772979508049197,0.20679792278076584,0.0,297.9101977811111,2.2295760281248564,0.007,152.546,22.662,6.98,2.085,3.5,-0.6644834655228552,0.7473029667054297,US-Esm,2023
0.17935656029840025,0.04064863203160803,0.03499901786363111,0.2984583509023716,0.1401092214833453,0.0,300.27450762166666,2.4627895017654966,0.005,141.993,23.338,5.138,1.967,2.6,-0.5556819724760489,0.8313949395234058,US-Esm,2023
0.2983622081186425,0.08624615355367415,0.0755774022701105,0.30490606880034227,0.013487720039832294,0.0,298.35120675666667,2.4229437147551667,0.05,139.459,23.294,7.005,1.635,2.8000000000000003,-0.4363729641045924,0.8997658785476209,US-Esm,2023
0.41583200775400647,0.1472698601069894,0.13193084323448745,0.49183347380853876,0.27438088532043425,0.09176958290164636,296.21464109894737,3.629330656766773,0.034,194.923,19.811,5.378,2.5,3.0,0.22177215755648186,0.975098513039961,US-TaS,2018
0.3454345871373311,0.13526447742276906,0.12129856966303734,0.4524584367066206,0.2957225438442043,0.0677264534390405,298.98869413789475,2.7816373171056377,0.002,221.053,24.273,8.951,2.606,4.7,0.6990793005655562,0.7150441465537444,US-TaS,2018
0.3281605337297951,0.1294168342662513,0.1159193242177717,0.316503041671228,0.20137953208139112,0.05620321718213855,301.60855149973685,3.2334593556640265,0.709,278.512,24.426,8.071,2.261,5.300000000000001,0.9995786855478958,-0.029025013321975237,US-TaS,2018
0.35003327495448977,0.12688097605111806,0.11318800979900175,0.284960173234862,0.09192236240832426,0.05124342955264431,295.48279504473686,3.281257138888442,0.0,312.82,23.879,9.786,1.698,5.5,0.9540665500578387,-0.2995947563972602,US-TaS,2018
0.2670697956352178,0.12269137002718584,0.11048114438166852,0.2624033187091747,0.1183066824681176,0.043097868484848575,306.61558601105264,3.3955946050594927,9.627,259.731,25.275,6.425,2.358,5.0,0.8367329140344921,-0.5476112038402312,US-TaS,2018
0.37126699255097695,0.15087471617589662,0.13604699175451307,0.2627388316092064,-0.017044351448876765,0.09909291810841304,305.2902537531579,4.894732650993597,20.151,299.133,27.542,6.305,1.835,6.5,0.42667408318992467,-0.9044054548343001,US-TaS,2018
0.3514443891738289,0.1621268131184876,0.1474890273262568,0.28186416248702784,-0.027487475427177936,0.12227083340795267,305.1641018307895,4.119708852868751,8.278,285.78,28.962,8.354,1.755,6.7,-0.10944576864891556,-0.993992768446958,US-TaS,2018
0.46652528699622475,0.20174599653739014,0.18481375614364703,0.381720614703032,-0.054151331405921654,0.20800743687955284,304.42456055896105,3.5713662204102983,4.666,299.446,29.167,7.476,1.239,6.7,-0.6132298262997502,-0.7899045386224707,US-TaS,2018
0.5040317105449634,0.18862724954095117,0.17112525249598096,0.435378415042124,-0.0073336993250295475,0.17887109842084795,306.40016580026315,3.2196512880419856,5.364,241.799,29.271,8.155,1.775,4.9,-0.9963950238187231,-0.08483487790576538,US-TaS,2018
0.5740709359122657,0.19374170059755078,0.17529158828556624,0.5186864075929231,0.05510714841675369,0.19013844044125275,298.37907727842105,3.4024604508407292,0.0,222.719,23.348,10.441,2.91,5.1000000000000005,-0.8935790198239952,0.4489059314938798,US-TaS,2018
0.4075111478170821,0.14341460476087423,0.12832229334657866,0.546270274246652,0.365275214602754,0.08399119016176125,302.9686136392105,2.690788080107611,10.82,169.123,26.814,4.725,1.987,3.7,-0.7379428103031386,0.6748632518680403,US-TaS,2018
0.6001853357574747,0.19996767182537406,0.18112556550863904,0.5527200263174545,0.09358823384017878,0.20401227703826494,292.26182589657896,1.6494031590555422,0.599,167.616,16.072,9.329,2.198,3.4000000000000004,-0.5267547528105542,0.8500173118187018,US-TaS,2018
0.48797406023250467,0.17969336750428475,0.16254538018272474,0.5438776798934176,0.2950162204157826,0.1594623644683338,298.7452901376316,2.1912189917701084,0.541,152.923,24.816,7.204,2.656,2.3000000000000003,-0.004300592702981974,0.9999907524084426,US-TaS,2018
0.5107386251360617,0.17715074271915623,0.15977150964983713,0.5422595789047062,0.2845533789567147,0.15400063776535816,291.8742953863158,1.8414941725475726,0.012,165.158,16.396,7.253,2.187,3.4000000000000004,0.2717767384711357,0.9623603298276545,US-TaS,2019
0.5160072968958095,0.17692255075695837,0.15948775045128571,0.5227383300360846,0.2638349047365618,0.15351179114393715,295.97080734763153,1.1084773276048805,0.13,187.185,21.139,4.312,1.41,3.0,0.5230943033491326,0.8522748088519838,US-TaS,2019
0.5499168185533923,0.1843341958388234,0.1663422861939745,0.5215216971460013,0.25527835429574935,0.16950170538542642,299.8097085384211,1.9752307391754287,0.237,214.27,24.521,4.599,2.075,4.4,0.7350336741329412,0.6780306024735382,US-TaS,2019
0.40294103723959657,0.1630318906900678,0.14743363465574827,0.36336906832153354,0.14582674795456094,0.12415659761848323,302.5552081178947,2.270495495308674,0.062,291.702,25.455,7.373,1.962,5.9,0.9967506498213929,-0.08054900421874167,US-TaS,2019
0.47578302431711456,0.20813390025632678,0.19108389546437743,0.36216694966410545,-0.006600057003145232,0.22247940967558757,301.460251525,3.5360338177244426,0.0,301.206,22.892,11.054,2.025,5.800000000000001,0.9373419384643772,-0.3484108069446808,US-TaS,2019
0.35142789302500216,0.16337266235198197,0.14872750106073213,0.29921710556591946,0.07124470675261749,0.12486744800776901,304.28159805,3.511563389820211,6.291,279.702,27.225,8.322,1.913,6.7,0.8073707443023492,-0.5900444739548627,US-TaS,2019
0.22267514755978465,0.10722267844229988,0.09640635111909483,0.11600255053201322,0.05190106031455713,0.013535578289026615,306.19848581181816,3.425269880822507,54.248,230.203,27.899,6.035,1.999,5.4,0.37945284372454435,-0.925211078289358,US-TaS,2019
0.4972555390953938,0.1879543767084198,0.1705552266235826,0.34000906803588427,-0.03991484083252098,0.17739729482054234,307.93704051526316,3.926802254147129,5.655,313.603,30.769,11.892,0.64,6.7,0.11371951458594969,-0.9935128947338007,US-TaS,2019
0.5000815350413564,0.18542328547016435,0.16801870693420798,0.35828952764358474,-0.06616580908168194,0.17187104192427885,309.8469941121052,2.780745860871816,4.525,293.138,29.069,8.726,0.911,5.4,-0.4227806579826773,-0.9062320427107697,US-TaS,2019
0.594750165442349,0.22469738615969592,0.2058142242132053,0.46316082884295257,-0.10581696085834247,0.26091709948045533,306.9058428702632,2.5537479610020783,61.02,188.674,27.909,5.951,3.183,5.800000000000001,-0.9527692922168511,-0.30369503751065885,US-TaS,2019
0.6809010711708026,0.21817757098983503,0.1982604622669286,0.5203445415540149,-0.11243046391597492,0.24562618881655898,304.6189626205263,2.2182532970275055,0.215,204.591,27.656,8.973,1.807,4.7,-0.9708824104813836,0.23955655912092708,US-TaS,2019
0.6542234860025561,0.20952751032337913,0.18997869922530033,0.5371334246271736,0.017541901185884678,0.2256621578715079,297.77065972421053,3.905864631376341,12.715,137.927,21.081,6.151,3.114,3.1,-0.7021479494046978,0.7120310787787131,US-TaS,2019
0.5772123995836786,0.23396091502740943,0.21546309269275604,0.43872155835785676,-0.06515739845113133,0.28301540483440585,299.0528311560246,2.8220880850779193,1.797,171.246,23.557,7.079,3.313,2.5,-0.4822058478963526,0.8760579434344281,US-TaS,2019
0.6138172445612137,0.2065313215596232,0.1874498994657413,0.5504686110736098,0.12531980017241265,0.21883077471797543,299.78195461578946,1.7568967056647589,0.021,176.587,25.414,4.883,2.841,3.7,0.051584366869408364,0.9986686402879997,US-TaS,2020
0.5449990286070702,0.19225124137813668,0.17416601191928785,0.5481273174616293,0.20945503983741717,0.18684295377774618,296.9427842981579,1.5339667327810256,0.014,197.291,23.044,7.986,2.016,3.3000000000000003,0.321057654185271,0.9470596510722283,US-TaS,2020
0.5491874407061189,0.18666798864717438,0.1686334592518436,0.5546752817436073,0.18640403983663764,0.17458518924581737,296.14000933184207,1.899807987028101,0.0,181.169,20.898,7.238,1.809,3.2,0.5663619330814524,0.8241566360566663,US-TaS,2020
0.4864365404682525,0.17546582872423785,0.1584222050563832,0.4879738033910627,0.12457663903762169,0.15039622786522283,296.33207307263154,4.57994055582315,0.005,276.071,19.588,10.309,3.991,5.300000000000001,0.9138076496466615,0.40614723863057883,US-TaS,2020
0.4530422106495067,0.1768026824035501,0.16019604509753083,0.42694912441677974,0.1469024924319007,0.15325508900112123,301.16107071763156,3.5880245395785604,0.204,267.699,24.956,9.487,2.092,5.5,0.9897936029670716,0.14250832791617088,US-TaS,2020
0.5109972392946983,0.1830602787370348,0.1655524192917061,0.38876977383476247,0.08665016828433172,0.1667367399443593,303.99178593315787,3.931430299997571,2.958,282.758,26.685,8.042,1.779,6.0,0.9912685467787256,-0.13185851571739118,US-TaS,2020
0.38467985144948574,0.16687350388845595,0.15153517266346353,0.30091811294851645,0.058669648890265734,0.13219696231838693,301.98272974473684,2.791961629527998,5.857,303.341,28.973,9.021,2.938,6.7,0.9181214482844365,-0.39629913726891813,US-TaS,2020
0.39065740932123444,0.18041310912258235,0.16490148289168133,0.32271653215567486,0.002390651080837192,0.16101335968194017,307.0132856305263,4.486314379471384,1.466,308.719,30.174,9.602,2.504,7.7,0.062318379354325076,-0.998056320853012,US-TaS,2020
0.43932555421549907,0.19231161267886013,0.17584808080618614,0.3560430627817086,0.00884140999427739,0.18697624614895994,299.7712356988901,4.9450348206280195,6.648,306.929,30.278,11.26,2.047,7.300000000000001,-0.2112757555821793,-0.9774264960104055,US-TaS,2020
0.4367813466279252,0.19048581131056425,0.17406607632675947,0.35983961246294527,-0.02173603788776143,0.18295223453839282,305.8513337292105,4.491308257077046,2.149,295.484,29.853,10.255,1.815,7.4,-0.46896519100763184,-0.8832166493127127,US-TaS,2020
0.5385696713545665,0.23478451401897948,0.21700177505885962,0.4156055636040929,-0.0702744548798277,0.28500179615067617,305.5098315555263,3.8192749638653596,1.37,296.405,30.157,10.287,1.823,6.1000000000000005,-0.6913512362094071,-0.722518835873311,US-TaS,2020
0.6759949933328095,0.2671113005622578,0.2478318931656023,0.4545160078589406,-0.1637429511551341,0.36594891689309605,307.0606245570548,4.155794467106874,1.739,266.604,30.095,10.859,0.961,6.6000000000000005,-0.8616928164028521,-0.5074302810827518,US-TaS,2020
0.7362019657849649,0.24227292157969324,0.22172491970775865,0.5277532685961369,-0.22137568782112152,0.3032293297551016,305.1693887681579,2.7963981130768754,26.529,206.146,27.166,4.594,1.448,4.4,-0.999832969770105,0.018276557681691223,US-TaS,2020
0.5565379532680943,0.16893445180084662,0.15133794633315106,0.5724158366014205,0.0363579794572958,0.13653482503039083,297.38206982763154,3.679042175823486,0.0,178.907,23.634,9.793,4.549,4.4,-0.6644834655228552,0.7473029667054297,US-TaS,2020
0.5101088271625179,0.18369131965783006,0.1661832248595199,0.5818040369077323,0.26588407389891655,0.16810550924095158,294.9959670557895,2.913998811818681,0.0,200.252,17.805,9.912,2.194,3.5,0.08590610426133272,0.9963032375991965,US-TaS,2021
0.7266012149877972,0.36024392325219684,0.34650949264241854,0.5324491066423976,-0.12301556712775574,0.6393069418944934,298.2182365070422,2.7672001843959806,1.255,208.236,21.573,9.412,3.765,4.4,0.9272375462179537,0.374473674486883,US-TaS,2021
0.3601942965792683,0.15771089882962822,0.14294483900831548,0.3856166547298849,0.23908621761179052,0.11311623286427161,300.9513621981579,2.944093285721785,149.251,219.821,24.807,4.925,3.114,5.4,0.986146248341595,-0.16587819893463143,US-TaS,2021
0.378062294040697,0.16477575486623966,0.14958378018051716,0.3513939981199745,0.12742917998592268,0.12779915595121968,305.8759294813158,3.9447387659664392,4.522,296.881,28.051,8.574,1.38,6.7,0.753697664392914,-0.6572212950663319,US-TaS,2021
0.4137424780974921,0.17546852342117694,0.1595202161866176,0.3631993675363257,0.12343607591528123,0.1504019829993752,304.13710175421056,4.25557221446331,0.003,332.535,26.8,10.743,1.587,7.1000000000000005,0.5467112728685939,-0.8373211953118121,US-TaS,2021
0.38591143547386064,0.1727122112058741,0.15730635894894404,0.3482646412462639,0.09063587122789021,0.1445309514560028,306.7205751926316,4.699902534257416,1.699,278.233,28.557,8.705,2.299,5.9,-0.24477230089725957,-0.9695805901076308,US-TaS,2021
0.5459419266204585,0.20301610370275486,0.18480675739461022,0.4248314362276216,0.05263183055282518,0.21086975990698129,306.7181066226316,5.17074098624469,16.62,271.493,29.739,8.951,1.552,7.2,-0.4990686026885319,-0.8665624788845385,US-TaS,2021
0.4838350467815271,0.19973288234314085,0.18248155753059736,0.40600936945288096,0.05913547872139391,0.20348588599302436,306.17970351026315,3.4854917148428997,28.204,231.842,29.641,7.649,2.012,7.0,-0.7157953492826642,-0.6983101158835584,US-TaS,2021
0.48434264105665825,0.20391832872053953,0.18667337318686547,0.41523596587423256,-0.004357921791541605,0.21290755957979512,307.94317196342104,3.136734771502762,4.355,248.933,28.578,9.109,1.078,4.800000000000001,-0.8786374941610001,-0.4774894280028391,US-TaS,2021
0.5390892091884385,0.19876262109808177,0.18067647742361528,0.46595847635397925,0.051903561178565545,0.20131325917477488,302.1876710257894,3.5177223957060577,14.577,223.922,28.098,6.962,1.047,4.9,-0.9753363880767837,-0.2207236509605022,US-TaS,2021
0.44441149241573896,0.16806889956892873,0.15174716556285328,0.49113877444083115,0.12256981756648266,0.13471093323091254,304.2524749205263,2.820340457725292,1.143,244.736,27.763,11.168,1.65,5.0,-0.9986126020839734,0.052658056924614005,US-TaS,2021
0.4548271467020098,0.179356511160207,0.16268763621763113,0.4757847122495622,0.1259157327274439,0.15873721284265524,300.29994275419995,2.722743601156324,0.11,177.594,27.078,13.264,3.126,4.9,-0.9467139181463862,0.3220757010206104,US-TaS,2021
0.8037149400964361,0.382521071678994,0.369306846833805,0.5502038582310926,-0.2575721706877597,0.7161714041610309,300.34726920402176,1.9385274652206408,14.358,147.779,24.585,3.699,2.202,3.8000000000000003,-0.6383844591746642,0.769717664006921,US-TaS,2021
0.5065168244780337,0.17695230907662315,0.1596277212636563,0.5099451414956938,0.08228019195828302,0.15357552888685014,295.2763446378947,2.1657826146750896,0.007,177.022,19.141,7.181,3.264,2.9000000000000004,-0.5978291414589552,0.801623551065242,US-TaS,2021
0.45553312761057835,0.15681062679817992,0.14066448523972422,0.5413841151132645,0.30592403093176607,0.11125920771754487,299.6177497368421,1.5326502092938805,0.041,173.879,23.755,4.251,0.774,3.1,-0.4051645224207563,0.9142437912130223,US-TaS,2021
0.34234767409534156,0.1337274554031076,0.11986161771800176,0.5374185491298409,0.3616434974195664,0.0646859061848647,300.46526378657893,1.7004038087037714,5.891,160.455,24.305,6.031,2.683,3.6,-0.27591294500296043,0.9611826292540837,US-TaS,2021
0.41567122428964376,0.14669977028433506,0.13138390775651837,0.5573174235866045,0.3351498329567462,0.09061589068886854,294.3257203181579,2.907088506054069,0.0,194.733,17.038,7.889,2.17,3.6,-0.14144406768794202,0.9899462489023779,US-TaS,2021
0.5465359233822538,0.17584747055870098,0.15811448660683508,0.5575413115107047,0.2749863816166336,0.15121161052784948,298.9551185876316,1.447386970737436,0.388,161.068,24.542,4.864,2.339,3.5,0.051584366869408364,0.9986686402879997,US-TaS,2023
0.45175563911215627,0.15992416311463417,0.14372098381287823,0.5672620158898086,0.33588454557080893,0.117695002337166,294.5122872431579,1.400671366320468,0.0,207.365,18.013,9.635,1.525,3.8000000000000003,0.18809941761179758,0.9821499931752291,US-TaS,2023
0.5185188498484489,0.17679008595153614,0.15932998519845387,0.5446130429761326,0.32350154318426405,0.15322811675358747,295.89884403473684,0.7262628269388314,0.002,191.045,21.696,6.528,1.881,3.3000000000000003,0.321057654185271,0.9470596510722283,US-TaS,2023
0.41800559970853296,0.15379962216782206,0.138211606408632,0.5009009361594424,0.33581787338691893,0.10507099609923418,301.10913580263156,1.1935836238399637,1.523,205.843,24.323,6.152,1.204,4.0,0.7690308592589181,0.6392116531380588,US-TaS,2023
0.3954353355924044,0.145023821390485,0.13002143308521705,0.4456973710414154,0.329436246788983,0.08723126611555283,301.77816324657897,1.7530407433032091,1.979,240.977,25.639,10.878,1.645,5.2,0.9138076496466615,0.40614723863057883,US-TaS,2023
0.3939474378977179,0.14666090070395932,0.13162171256705768,0.4353114838137293,0.22004715315933923,0.09053727430997141,296.57141442631576,2.063566602678147,0.0,254.151,20.57,9.707,3.141,3.7,0.9608854255574977,0.27694620226893646,US-TaS,2023
0.42017004475149167,0.16600187649650144,0.15007724571881695,0.4003729653275453,0.19950640239018194,0.13036750954431736,300.08667809473684,1.9998815203748086,0.237,231.942,24.341,7.293,2.275,5.2,0.9897936029670716,0.14250832791617088,US-TaS,2023
0.3927928162681202,0.1536904401907833,0.13845816645485484,0.3771011388258402,0.21800746651577416,0.10484725888104769,301.3331710228947,2.4568197580187285,2.146,267.554,26.195,8.335,2.457,5.4,0.9999855506507186,0.005375731557583884,US-TaS,2023
0.2932428187277866,0.1434008096463871,0.13022636820375885,0.32141537215756555,0.18252626819545595,0.08396345565714061,303.3291897636842,2.2687314631488156,0.0,321.162,27.504,11.738,2.333,6.7,0.7758587728069828,-0.6309066211876704,US-TaS,2023
0.32926715783810057,0.1476406242847705,0.13362912487268933,0.34092423047808834,0.20427785860853712,0.09252054984472782,306.88952732157895,1.7727405009931123,28.243,270.137,26.865,6.919,1.104,4.9,0.6819721490904629,-0.7313781428679254,US-TaS,2023
0.4237761613627439,0.1795951387897286,0.16343803088442826,0.3834125396228351,0.006498301627483059,0.1592508578019186,303.12764651421054,2.365400301461759,1.639,320.093,29.438,10.135,1.754,6.4,0.19864794288017112,-0.9800709131432666,US-TaS,2023
0.57050172412764,0.238201563855669,0.21990543871246584,0.4356669388973805,-0.05093309004142012,0.2932817519352923,299.5654470956808,2.247428253154442,2.867,299.372,30.044,10.929,0.97,5.9,0.062318379354325076,-0.998056320853012,US-TaS,2023
0.5761807930708331,0.20459140533796163,0.185974507037973,0.4293038539150211,-0.1651850723720012,0.21443026089509687,305.9372939339474,2.584010022811068,17.178,291.303,30.274,10.287,1.212,6.7,-0.07518957641475855,-0.9971692572470178,US-TaS,2023
0.7151739407490425,0.36179973134744137,0.34855827761039343,0.3528557031764871,-0.41379438136278585,0.6445038897588519,306.16093938,4.051403798354541,3.1024907445950753,283.03689814814817,27.119984563191753,0.6436717371375658,3.361389496804733,6.1000000000000005,0.42667408318992467,-0.9044054548343001,US-Skr,2018
0.6342966843271792,0.27977870697862084,0.26178571147116336,0.40205700602138705,-0.23261179356932046,0.39936899311167223,306.32182618105264,4.893887936879186,2.1825879812239055,268.9639814814815,27.317368443806988,0.7183241508490182,2.9290738408627504,6.5,-0.10944576864891556,-0.993992768446958,US-Skr,2018
0.7641099107633309,0.3107603313898645,0.29201758977298464,0.551794233118327,-0.25727452926906635,0.4856639128314635,296.7734573863158,4.773093457200632,0.0004351138045421976,222.37749999999997,23.319524383544945,1.0910450741308748,5.340781758220661,5.0,-0.8935790198239952,0.4489059314938798,US-Skr,2018
0.7738386346945867,0.38271806118459484,0.370316016254406,0.5648375880219719,-0.23841054636447417,0.7168756519528395,289.33015916052625,2.3503499129169922,0.0017106531799981894,158.61532407407407,15.477433141072614,1.0935416549212689,3.8351732495821023,3.4000000000000004,-0.5267547528105542,0.8500173118187018,US-Skr,2018
0.827815129198834,0.370901057794464,0.3558206926572279,0.5951569033392224,-0.2912571986095584,0.6754080423648408,291.8404649836842,1.6104967064599942,0.0008583068620282575,186.45560185185184,16.312811787923206,0.7391249192155583,4.706756703567411,3.5,0.2717767384711357,0.9623603298276545,US-Skr,2019
0.800559420008449,0.40105774295006,0.39029071167861157,0.5643345424857176,-0.2885128412314917,0.7845007377427409,296.4048109368421,3.08486763038088,0.019901990867765562,177.85018518518518,19.959245300292995,0.4466609902772604,3.1513439437498416,3.0,0.5230943033491326,0.8522748088519838,US-Skr,2019
0.7878794402583424,0.36499335617663375,0.3502107467477367,0.5503968902250558,-0.27596806932704077,0.6552493541159768,300.8053317910526,3.157931980164656,0.9407103061674285,204.08918362087672,23.65467987060549,0.5283910219449065,3.2790267043261587,4.0,0.8916401947968874,0.45274469960737107,US-Skr,2019
0.7855360289380039,0.4505187876015127,0.4482628510573238,0.5320928184679824,-0.3211579055108652,0.9908215035450934,298.2691451175281,3.5176620684614526,0.3864634421119347,247.71673828124997,20.50512593587242,0.6066592465302932,5.057752451571816,5.2,0.981124629771712,0.19337647441020586,US-Skr,2019
0.7632577017159592,0.42496745177193107,0.41901931205691606,0.5075468250818922,-0.3034290260532624,0.8794174669819614,303.14116947740405,4.6001303378862515,0.003524946578181698,270.91513888888886,24.96731974283857,0.8242966010936309,3.570192977646979,6.1000000000000005,0.9967506498213929,-0.08054900421874167,US-Skr,2019
0.7723192675195264,0.3955925928416607,0.3849044067430721,0.5167133032247773,-0.3169009065632974,0.7639098793153625,301.4325184726316,5.28907581093053,0.0008523463748133508,295.00011574074074,22.59419720967613,1.177154804549243,3.456104227372285,5.9,0.9373419384643772,-0.3484108069446808,US-Skr,2019
0.7864083474110101,0.47234645486790056,0.4744022887216462,0.5291411983414134,-0.29346128911137304,1.095843934955429,303.2955525332842,3.436660526607143,4.785406589405316,257.06467592592594,26.027641550699897,0.6880096503778018,3.1933847990146638,6.5,0.8073707443023492,-0.5900444739548627,US-Skr,2019
0.8455047458549549,0.4105752125375371,0.3998717615148637,0.5742560861386937,-0.35967481378032845,0.8213070079703393,305.16288753421054,4.31169913470343,0.061504629833564195,190.97358796296297,26.728391901652046,0.8627114692172424,3.492780740285102,4.4,-0.9708824104813836,0.23955655912092708,US-Skr,2019
0.8307685025325242,0.38774578491764783,0.37448041297043405,0.5925568882071437,-0.3062366473833273,0.7350045074947364,296.9712028357895,3.8893801132067476,6.854701042072723,128.2775,21.765203094482448,0.5904015924266396,5.286258415680021,2.9000000000000004,-0.7021479494046978,0.7120310787787131,US-Skr,2019
0.8631229865600719,0.42492631720920404,0.4158023171522756,0.5945615620853484,-0.36088704192569,0.879246924499609,299.98596101287234,2.173656185840951,0.0017046927496267017,169.51416666666665,24.641981379191105,0.5160798768532581,5.230778931872995,3.6,0.051584366869408364,0.9986686402879997,US-Skr,2020
0.8577680473029166,0.4055128007285561,0.39380650761431146,0.6083972371557049,-0.34266599839974277,0.8015761298012236,298.1909662478947,2.284339957262798,0.000852346317969932,191.99078703703705,22.89273605346682,0.9239162031338081,4.229041082342525,3.3000000000000003,0.321057654185271,0.9470596510722283,US-Skr,2020
0.8694468851228339,0.4050451430029871,0.392986919919836,0.6117638373478378,-0.3624440127314423,0.7997711710756864,297.1367319476316,2.345093766151701,0.0007182359809121409,185.2696759259259,19.11907157897951,0.5372836580538468,3.256111121375899,2.9000000000000004,0.5663619330814524,0.8241566360566663,US-Skr,2020
0.8124423518522829,0.3869695559250229,0.3740672137728222,0.5865802193176947,-0.29332401941638464,0.7321860010359854,294.6677271994737,5.013911341104379,0.0017046928064701206,275.4528826678241,20.178971227010116,1.235273810662049,6.441514304939854,5.300000000000001,0.9138076496466615,0.40614723863057883,US-Skr,2020
0.8361219912918588,0.4272155453743159,0.41922273327459003,0.5791472368329444,-0.33138061740929076,0.8887784669332021,302.00992399157894,4.274912943883948,0.05768537511130489,235.89988425925927,24.95768000284833,1.1121736129143993,3.787531718663591,5.2,0.9897936029670716,0.14250832791617088,US-Skr,2020
0.7729769944746151,0.43071281463878686,0.4253807291810186,0.5428783495037054,-0.2615792939597532,0.9035013908822032,303.94653973940535,3.8549073301358616,0.9514629840799638,277.9109027777778,28.77918395996096,1.156721251960145,6.171347000085947,6.5,0.9181214482844365,-0.39629913726891813,US-Skr,2020
0.7825162553679522,0.33534425188767,0.31795887031364767,0.5833917647955363,-0.1726241889347379,0.5593131225689353,299.4747825552631,4.981586475949119,8.301883935927817,233.1035185185185,26.84840545654299,0.6628210541880842,2.796191515387665,5.1000000000000005,0.3312212278016865,-0.9435531242349544,US-Skr,2020
0.8647157178887321,0.414895426193975,0.4042819688836511,0.589268811162547,-0.375484370000921,0.8384299375069746,305.84187420894733,6.364852224582076,1.3164748137908096,181.00543981481482,25.827777481079124,0.49067188683886115,4.178988233675127,4.9,-0.957232443323312,0.28931997761869527,US-Skr,2020
0.8604594275655707,0.41513013116013847,0.40466179089692333,0.6123234157421262,-0.3482540747456498,0.8393678631300313,297.79495565,6.511203618609031,0.002014636947933468,185.88717592592593,22.298080698649105,0.9029590865878226,7.500416121356774,4.0,-0.6644834655228552,0.7473029667054297,US-Skr,2020
0.8549481545757464,0.47382002314892424,0.47342929962468383,0.6044850220762769,-0.34341518677292304,1.1033090659268407,299.3739809478947,3.3192917805693476,0.5239115920402992,190.06541666666666,22.3105833689372,0.6431119773018246,5.52437019568072,4.6000000000000005,0.7905633969115482,0.612380204990065,US-Skr,2021
0.8371147202283858,0.45053975091491166,0.44640416933845684,0.5991523134865888,-0.29818724867345686,0.9909177015567422,301.52800815710526,3.791943006249592,0.0359952449748846,243.60636574074076,25.548036829630558,0.76700193423226,5.084164901967096,6.300000000000001,0.9941098647022418,0.10837701279187609,US-Skr,2021
0.4724723599777113,0.13532524716619682,0.11999699819519095,0.12338627736593583,-0.42109833891812837,0.06784684161171126,295.33653292975066,4.402141755183293,0.0,156.128,17.236,8.714,2.263,3.1,0.08590610426133272,0.9963032375991965,US-Elm,2021
0.4954637921297089,0.22538934608570865,0.20824990248829123,0.19903231365691676,-0.38073166046327206,0.2625525114910216,301.7141700535734,4.543798800894854,0.948,151.999,23.557,6.684,2.862,3.7,0.7905633969115482,0.612380204990065,US-Elm,2021
0.49002260494325134,0.26968278796675255,0.25479099290702983,0.21700331979943321,-0.36111734445247556,0.3726514768647533,298.9388419637673,3.7077946594970035,0.257,153.605,21.846,8.806,3.836,3.7,0.9272375462179537,0.374473674486883,US-Elm,2021
0.4281281615930425,0.2714051776912766,0.2589906129076093,0.14256469385828416,-0.3333430827395992,0.37716384179226164,302.40921144124997,3.4268274838575743,12.318,145.575,25.288,4.718,1.742,4.1000000000000005,0.02795029824021032,-0.999609314096404,US-Elm,2021
0.4513956408310307,0.25431974907142446,0.2396571519836458,0.1628163384290367,-0.3607246995447213,0.3332021231071564,314.71664952055403,5.01175015056105,0.461,202.062,28.09,8.664,2.197,5.4,-0.24477230089725957,-0.9695805901076308,US-Elm,2021
0.48862374776871625,0.18978111206445106,0.17248855253076462,0.16932548182705245,-0.4115532466389029,0.18140303121140122,295.45461084504154,3.3329806863857843,0.0,151.282,16.991,7.679,2.131,3.2,-0.14144406768794202,0.9899462489023779,US-Elm,2021
0.4983474553057252,0.2106800726815585,0.19323506385160324,0.12066244572548118,-0.4488363592294698,0.22830137991229701,301.2335799018125,2.822913651465141,0.115,128.28,23.578,6.381,1.511,2.8000000000000003,-0.004300592702981974,0.9999907524084426,US-Elm,2021
0.49604774190185813,0.2120642505056707,0.19467561425242488,0.26162935947693583,-0.3405799827023132,0.2314793722271241,296.01157767745156,2.880979984217219,0.0,197.70949074074076,17.21386235555015,1.0327512063987323,2.3666910853884495,3.4000000000000004,0.18809941761179758,0.9821499931752291,US-Elm,2023
0.49448421002126813,0.22537432155488207,0.2082553178159132,0.2709443922054335,-0.32162509732647904,0.262516975916567,298.4613038565097,2.7636879272806594,0.0019639729771370185,179.6373148148148,21.790437952677436,0.9613614476115533,2.7185192325551935,3.1,0.321057654185271,0.9470596510722283,US-Elm,2023
0.47393976844343416,0.22028888691089582,0.2034921022798043,0.23223472854970048,-0.3357617335737506,0.2505545979935867,304.6363593849861,2.706699675178257,0.33932924270629883,180.24307870370367,24.673385874430366,0.8867129174368079,1.4357879306960937,4.0,0.7690308592589181,0.6392116531380588,US-Elm,2023
0.45524571802635,0.22235172701835507,0.20604702889993567,0.21291691875784294,-0.3359279336136845,0.2553912934044205,304.5568454460388,3.621107869975475,0.09995983617727688,212.31465205439815,25.862453079223656,1.5265598421630957,2.817010375408165,4.5,0.9138076496466615,0.40614723863057883,US-Elm,2023
0.48851805194457104,0.25797601336155784,0.24236816666340663,0.15134865340251108,-0.4275445274725479,0.3424631050231498,299.86557889213594,4.364550993032897,0.0008583068797918258,252.05516203703704,19.425431187947613,0.9738241445487112,3.634331472854275,3.3000000000000003,0.9608854255574977,0.27694620226893646,US-Elm,2023
0.5016811376383514,0.27457189415891586,0.2596563413969722,0.1669134094034201,-0.4182161699305137,0.38550875609062135,303.559217122561,3.7607126818681245,0.029987029847688973,226.2353009259259,23.546683883667015,1.0416348381694382,2.892785594377081,4.3,0.9897936029670716,0.14250832791617088,US-Elm,2023
0.4165256884354101,0.21375531075207332,0.19818470225450197,0.17518903737559427,-0.33366700163305485,0.23537446341372006,305.8101131339058,5.467386452390232,0.0,313.4840046296296,24.538441594441753,1.2243057788694252,2.66399830799904,6.300000000000001,0.8550745085896932,-0.518505144391157,US-Elm,2023
0.46499054305722143,0.27536875421773593,0.26179907979503,0.20513173091780507,-0.347210813115607,0.3876186550071347,311.04257153473685,3.2401028216204026,14.068722724914112,253.40384259259258,26.517536417643253,0.8995270786854316,1.4746709769665334,4.3,0.6819721490904629,-0.7313781428679254,US-Elm,2023
0.4477247233583051,0.23526686955814455,0.21965620622916113,0.13199492160793388,-0.39935348924390185,0.2861668313452606,308.2916465874468,4.102609288079571,9.6229761837771,290.78152777777774,24.662593460083027,0.6813013362219077,1.8341329189011077,4.6000000000000005,0.5751899607119775,-0.8180198708443175,US-Elm,2023
0.4214310626814132,0.19647321989549485,0.18040907082545718,0.16041415110551963,-0.3135423779037596,0.19620375146805735,300.9574147446537,5.413495125183254,2.6863654696850165,294.52550925925925,27.67762082417808,0.8890785340184605,1.9750935896952553,6.2,0.19864794288017112,-0.9800709131432666,US-Elm,2023
-1.792227060686323e-05,-2.0362495831898572e-05,-1.9143675846253852e-05,0.21132660798516306,0.21361329859359088,0.0,288.33693451842106,6.644040260228766,9.041,241.982,27.936,7.385,2.733,5.5,0.3312212278016865,-0.9435531242349544,US-EvM,2020
0.35921312909148867,0.20195484726904744,0.18769266414640157,0.2976087511454428,-0.08233394715367047,0.2084775925701922,310.0851730960439,7.1984843252592325,0.67,292.003,30.634,9.242,3.116,7.9,0.062318379354325076,-0.998056320853012,US-EvM,2020
0.35857901527968494,0.18788717481370126,0.17324544915632395,0.34085126428634926,-0.009308799988433656,0.17725020999308985,294.73278664157095,6.233571872445569,2.809,282.017,30.667,10.986,2.363,7.300000000000001,-0.2112757555821793,-0.9774264960104055,US-EvM,2020
0.42024846823339546,0.22996500262535682,0.21493173967471985,0.47739510472028385,0.0702200646762078,0.27342853743014467,309.16089389180826,6.396689178363045,0.517,278.898,30.556,9.803,2.295,6.6000000000000005,-0.6913512362094071,-0.722518835873311,US-EvM,2020
0.38173456265846184,0.16607151464866038,0.15079662507149216,0.3524763645479218,-0.02109593694163072,0.13051356069217254,301.70115285736836,6.155559252606028,0.479,236.183,30.11,9.134,2.251,4.800000000000001,-0.9671667297977312,-0.2541427094613622,US-EvM,2020
0.2894924273391381,0.1088749918554811,0.0968307656753262,0.37657203310136195,0.13813314749602587,0.01665565150980979,303.08791453026316,4.612517387283672,9.069,195.48,27.784,4.415,1.715,4.1000000000000005,-0.999832969770105,0.018276557681691223,US-EvM,2020
0.2499954094318416,0.093721435904796,0.08302963634661022,0.3807837219120884,0.1812237675204701,0.0,303.6238890494737,5.592883101611482,8.988,147.15,27.555,5.859,3.561,5.1000000000000005,-0.957232443323312,0.28931997761869527,US-EvM,2020
0.31034508921955134,0.11281554137948005,0.10029923264869872,0.36890450558106624,0.08100538828836293,0.024132566845517452,297.2029236039474,6.17921778380964,0.005,158.819,24.333,10.974,6.015,4.800000000000001,-0.6644834655228552,0.7473029667054297,US-EvM,2020
0.49925499492474673,0.2742573421890195,0.25939701614397803,0.4263276537529068,-0.1074338313330011,0.3846770099874168,300.8489866467788,2.9260932738696055,0.684,117.193,22.949,5.527,2.706,3.4000000000000004,-0.17541259380427843,0.9844950085880858,US-EvM,2020
0.5067357878694664,0.2719630201076351,0.2567028455106429,0.28339424088940846,-0.28658359442180237,0.3786292743363815,296.49778208026316,3.6832129593620153,0.001,185.86,17.936,10.94,2.849,3.7,0.08590610426133272,0.9963032375991965,US-EvM,2021
0.46814196106014766,0.26193672525120915,0.24722327624904192,0.1045091121278295,-0.40609149919789567,0.352584081370163,299.645928413421,3.6171527827972585,0.0,184.699,18.396,5.551,1.579,3.1,0.3534446712740877,0.9354554315134164,US-EvM,2021
0.3557210621384209,0.2170081427952145,0.20356634203569443,-0.04145917323586623,-0.42534139292312206,0.2429058942504238,303.045509095,4.448671899628114,0.778,189.508,21.536,10.153,5.064,4.5,0.9272375462179537,0.374473674486883,US-EvM,2021
0.31103061873618476,0.2251040358717107,0.21435977565311481,-0.0116160340026909,-0.3699653673577369,0.2618779004415664,312.1453690605498,5.639705302978203,0.031,306.446,26.841,10.669,2.04,7.0,0.5467112728685939,-0.8373211953118121,US-EvM,2021
0.3524688594475593,0.2047117207353666,0.1907870399548457,0.3295755590539403,-0.05786634440621775,0.21470267286355255,310.2992221442106,6.822615811572384,0.772,267.066,28.923,8.869,2.945,5.9,-0.24477230089725957,-0.9695805901076308,US-EvM,2021
0.35568452179380994,0.19759997919629102,0.18330133940787077,0.3321556020807174,-0.05957772444771107,0.19871549487896215,310.37078568868424,6.469250189625084,6.565,254.377,30.188,8.746,1.987,7.1000000000000005,-0.4990686026885319,-0.8665624788845385,US-EvM,2021
0.27004258263768904,0.12785297132041967,0.11545468671701532,0.3888180456810522,0.14922295878426478,0.053141872916723974,302.90030321026313,4.792088964735791,4.513,211.859,28.457,7.042,1.331,4.5,-0.9753363880767837,-0.2207236509605022,US-EvM,2021
0.24187337051857352,0.11919013104106468,0.10762153915729383,0.45264504254547777,0.2440082360797096,0.03633666126345676,304.3680679594737,5.275995343896186,0.258,232.166,28.237,11.675,2.104,5.0,-0.9986126020839734,0.052658056924614005,US-EvM,2021
0.19343662610785503,0.08525464802427525,0.07590063296826398,0.4019960632187472,0.22756407769943493,0.0,301.53627336921056,5.832108380046574,0.064,161.742,27.468,14.227,4.026,5.2,-0.9467139181463862,0.3220757010206104,US-EvM,2021
0.19725473283074788,0.10596726026816226,0.09582305424158488,0.12228226030273931,-0.06969676760284783,0.011170873031048327,290.63255470526315,3.4295618412026325,5.614,133.887,24.893,3.754,2.764,4.0,-0.6383844591746642,0.769717664006921,US-EvM,2021
0.22686568965974754,0.08267799283061691,0.07296504259677843,0.35428588396532,0.16601635426839806,0.0,294.3320966244737,3.984255985595994,0.115,151.32,19.513,7.684,3.902,2.8000000000000003,-0.5978291414589552,0.801623551065242,US-EvM,2021
0.3725899621419222,0.1571184010932398,0.14213666437203876,0.47067724317644183,0.12856937251213585,0.11189371241619984,300.06931315394735,2.5843849979356825,0.192,157.599,23.632,2.902,1.052,2.9000000000000004,-0.4051645224207563,0.9142437912130223,US-EvM,2021
0.47738276481395137,0.24144408181452787,0.22528995627183834,0.5037036367497063,0.043505532078455623,0.3011969065320014,302.17760685578946,3.6517063728502244,3.764,149.989,24.281,5.488,3.465,4.2,-0.27591294500296043,0.9611826292540837,US-EvM,2021
0.5194705316438563,0.2696608390697484,0.2538696125983561,0.4914694997825475,-0.04724129030024396,0.3725940939249013,295.6624559702631,3.0825420346135686,0.0,179.014,16.742,7.282,2.917,3.7,-0.14144406768794202,0.9899462489023779,US-EvM,2021
0.5110972034642237,0.269075731653935,0.25349043647161346,0.4173593796580552,-0.13125447258563339,0.3710654995191226,301.7631783319486,2.8445962560218674,0.026,165.073,24.277,5.596,1.78,3.3000000000000003,-0.004300592702981974,0.9999907524084426,US-EvM,2021
0.5041423195721902,0.26800358053928314,0.25255560412876227,0.48083065425653715,-0.05235180786488608,0.36827000834065154,296.1543860036842,3.804331824011862,0.0,192.198,17.528,8.596,2.224,4.1000000000000005,0.18809941761179758,0.9821499931752291,US-EvM,2023
0.5180825613756362,0.29424464711085685,0.28037783819664414,0.3855792470623772,-0.1871800864868177,0.43882012340021015,300.4570335542105,3.572528179130531,0.0,173.629,21.84,6.987,2.33,3.5,0.321057654185271,0.9470596510722283,US-EvM,2023
0.458734963804466,0.24915786517847582,0.23393811966002256,0.06645566509763078,-0.41149088744951495,0.32025900710555477,304.69676255236845,4.215735095001404,1.233,193.397,24.044,5.629,1.426,4.3,0.7690308592589181,0.6392116531380588,US-EvM,2023
0.35873489339114106,0.22100087142121833,0.2076699151878629,-0.09734748235543128,-0.46859660275364096,0.25222156757822994,309.20308711631577,3.4916261722785427,2.557,227.597,25.211,9.175,1.558,5.6000000000000005,0.9138076496466615,0.40614723863057883,US-EvM,2023
0.38229519347236984,0.1678866501249271,0.15258355702269835,0.33400555141658267,-0.09438897405522931,0.13432728267606672,298.35234549952827,5.945546955210208,0.005,238.636,20.315,9.775,3.972,4.4,0.9608854255574977,0.27694620226893646,US-EvM,2023
0.3783603021696251,0.2475567237550341,0.23528216612896116,-0.07944047774957728,-0.4685642196953556,0.3162750219182878,306.55409653748245,3.991199030642882,0.823,250.464,26.182,8.169,3.162,5.800000000000001,0.9999855506507186,0.005375731557583884,US-EvM,2023
0.42441507560566544,0.2549247952512061,0.2412819669792648,0.01285330461903429,-0.43572562567530493,0.3347292706306534,311.91902382105263,3.163164955101555,9.09,242.582,26.554,5.255,1.459,4.7,0.6819721490904629,-0.7313781428679254,US-EvM,2023
0.30360679624827486,0.14220547139189807,0.12881210055750805,0.39136263383636727,0.11813161087514562,0.08156293193152149,305.58551271473686,4.352019271838347,0.464,297.184,29.466,9.267,2.297,6.6000000000000005,0.19864794288017112,-0.9800709131432666,US-EvM,2023
0.27864429112546807,0.15814070212395578,0.1454011922893171,0.24847309132920362,-0.020588041483785735,0.11400391232430555,305.3440292866701,4.426198462265558,1.375,276.089,30.372,10.536,1.131,6.0,0.062318379354325076,-0.998056320853012,US-EvM,2023
0.12720124022166068,0.019603170443120436,0.01666911123041661,0.7044967369033619,0.713452462319621,0.0,274.0890617399398,1.8687418367235042,0.038,153.869,-2.514,1.541,3.733,1.5,0.06875540848113941,0.9976335468520451,US-HB1,2018
0.35369309925362746,0.12571295773997687,0.11202877375430864,0.11285745311500488,-0.2584073441735485,0.04896645570383225,284.86777329365003,2.3834476622302456,0.048,153.266,9.112,3.074,3.433,1.7000000000000002,0.22177215755648186,0.975098513039961,US-HB1,2018
0.2741958403500577,0.07216289054043966,0.06284801208749737,0.05314041139005869,-0.20207639245457018,0.0,282.9252185321,1.7331242060242955,0.0,161.385,7.267,5.006,2.381,3.7,0.3373010691361842,0.9413968285264122,US-HB1,2018
-0.010853525007393724,-0.01213333068614544,-0.01134754288101257,0.23132960889067244,0.24397259638731436,0.0,283.7731346319149,1.2267741534909689,7.425,47.835,12.851,0.724,2.755,1.1,0.4784338202547012,0.8781236129591848,US-HB1,2018
0.2578952540644503,0.08194657294351324,0.07195082008862311,0.06365810636901187,-0.17902792300825054,0.0,290.83226946395,1.9269369642211842,0.0,232.031,14.75,9.448,4.102,5.1000000000000005,0.8670985522812081,0.4981366284784055,US-HB1,2018
0.29097950843847764,0.09295590421075216,0.08185351337428641,0.05484164796434398,-0.2524078293069019,0.0,287.60468444825,1.9673821576957735,0.0,250.921,7.352,5.916,2.422,3.8000000000000003,0.9206588168102428,0.3903682146763026,US-HB1,2018
0.22477869408629,0.06608504895388134,0.05765496353911937,0.06583133059122016,-0.11026484376657261,0.0,297.98880010925,5.131777202644524,0.036,257.889,19.162,2.398,2.788,6.0,0.9995786855478958,-0.029025013321975237,US-HB1,2018
0.29529547549356056,0.10491809848210602,0.09301356332518368,0.0659426507028406,-0.2064376667000411,0.009198567991941404,300.28017235685,5.073991956986492,0.0,285.835,21.437,11.454,4.001,6.7,0.9540665500578387,-0.2995947563972602,US-HB1,2018
0.2956869790601198,0.12831566448303902,0.11539212906524272,0.04789167702487756,-0.2513641575359438,0.054046731189563546,300.190133165,4.1617647696490545,0.326,292.135,21.575,4.799,1.909,5.9,0.8367329140344921,-0.5476112038402312,US-HB1,2018
0.34481619710535977,0.15238577697100658,0.13799309939493493,0.040505193762133386,-0.3256674243513735,0.10217724342159097,308.6116469757047,6.293420180150628,0.0,291.66,24.115,4.887,2.026,6.800000000000001,0.7648913904341226,-0.6441592666722685,US-HB1,2018
0.3560274500867746,0.13337032564791543,0.11932531962544218,0.15484756827415336,-0.18627736446974455,0.06398063255485498,304.5577576430811,3.504241403979706,2.178,265.995,25.458,3.963,1.673,5.1000000000000005,0.31494162072895193,-0.9491110448902284,US-HB1,2018
0.3269834489098148,0.12318641674213464,0.10995846894104387,0.07420725169606499,-0.25377742965994604,0.04405721379573092,310.0735147891379,4.850926910882874,0.072,298.031,28.128,5.793,1.665,5.800000000000001,0.04514101777397193,-0.9989806246941579,US-HB1,2018
0.367095651884976,0.15139533495151644,0.13662363618725548,0.09209649976832103,-0.28248763009242955,0.10015461002805848,307.36176291365,6.230698653707917,0.054,221.634,26.214,9.051,3.108,6.1000000000000005,-0.10944576864891556,-0.993992768446958,US-HB1,2018
0.2334625391978514,0.07367309015569823,0.06454039874576913,0.11960477059394285,-0.060670802910420374,0.0,304.28096476685,4.831107493843285,0.001,315.366,27.203,8.263,1.593,6.4,-0.2280577712215198,-0.9736476020539838,US-HB1,2018
0.40529033897033995,0.1666658107691063,0.15096725617917858,0.10545411925296354,-0.30969769697902033,0.13176076016902563,310.11660158315,6.412164512600343,0.72,270.264,28.556,6.321,2.005,6.0,-0.6132298262997502,-0.7899045386224707,US-HB1,2018
0.42759371802197604,0.1458708161043159,0.13044924328740481,0.1754213119584533,-0.22125529701113894,0.08894049213074282,306.0752287307,4.293154116303326,1.058,206.813,26.371,5.916,2.815,5.5,-0.8048257371083452,-0.593511190196115,US-HB1,2018
0.363626936749079,0.12607702820867067,0.11225886712452005,0.09099677239356957,-0.26212130722627547,0.049675680842821306,301.9702038008,3.660714845558998,0.628,239.437,27.614,5.456,1.698,5.800000000000001,-0.8702939222685674,-0.49253272872205434,US-HB1,2018
0.3650054890187103,0.09338064877619588,0.08168689291232359,0.16439279621246297,-0.12194929717421484,0.0,304.43834749775,3.1268740304107028,1.375,226.357,27.611,6.23,1.436,4.800000000000001,-0.9358348973349941,-0.35243871088460327,US-HB1,2018
0.4227701049408694,0.11329149839290965,0.09971776895632002,0.17521097856104922,-0.2645077544674221,0.025039114909814454,303.9508951205,3.3998985835611175,0.728,208.216,27.104,5.974,1.537,4.5,-0.9963950238187231,-0.08483487790576538,US-HB1,2018
0.4522883572454522,0.15732629029750084,0.14120020637018146,0.15768528149953692,-0.3084427374903153,0.11232250231769968,304.50183551023997,4.180794031508327,0.005,198.024,26.205,9.124,1.123,4.1000000000000005,-0.9993706508539969,0.03547255575312556,US-HB1,2018
0.3530719934891262,0.0825126895989778,0.07182182888453963,0.1532693853848859,-0.23829544121951574,0.0,298.3264919402,3.507937769805949,0.0,222.976,22.058,10.64,1.971,4.3,-0.981947190186646,0.18915526872004093,US-HB1,2018
0.36586928700097593,0.145120551641744,0.13053123972591693,0.1294776866349837,-0.2454915707265853,0.08742633228221626,293.27256484295,2.4282663378968015,0.05,100.03,21.066,6.837,2.068,2.8000000000000003,-0.9521140536681102,0.3057430764672831,US-HB1,2018
0.3634260290572135,0.09849606555669238,0.08640774413146625,0.1551043739071067,-0.19468298120490884,0.0,291.9950029625,2.06760962432932,0.0,191.527,15.743,6.546,2.849,3.4000000000000004,-0.8935790198239952,0.4489059314938798,US-HB1,2018
0.42475921725871707,0.13965289489829052,0.12452959372796354,0.14252763918988293,-0.30775729455545614,0.07645423906406269,293.8319494511,2.410107845745259,7.224,150.238,18.06,4.521,2.813,2.4000000000000004,-0.8331829385891785,0.5529974600700271,US-HB1,2018
0.035003052534595444,0.03692334385258137,0.034732482031864916,0.13733894173157654,0.10756796699909804,0.0,291.11523024965004,0.5663290741015252,6.635,67.818,19.637,0.641,1.966,1.1,-0.7379428103031386,0.6748632518680403,US-HB1,2018
0.3766290675414629,0.11344193312195153,0.10020559049950765,0.10743685093220015,-0.27362601516070806,0.025325801257120424,284.97152729075003,1.18782857165476,0.0,147.881,6.196,3.67,1.221,2.0,-0.5267547528105542,0.8500173118187018,US-HB1,2018
0.39180542612052666,0.10292077045066825,0.09030829741049591,0.14256515869383468,-0.25694983689268586,0.005453574177150692,283.3877108183,2.007901701963544,0.0,142.086,5.879,4.294,1.551,1.9000000000000001,-0.42083100859565564,0.9071390534005044,US-HB1,2018
0.4138650399178807,0.12543426995837453,0.11115045908137819,0.1265802913502106,-0.3214068611333858,0.04842386888792613,285.5275280591,1.8214191494342022,0.0,136.663,9.061,3.34,3.384,2.6,-0.15845177496083632,0.9873667175937016,US-HB1,2018
0.3869931120442855,0.08436450823239489,0.07334654215574454,0.1149475507946562,-0.2948311455682197,0.0,287.98768213430003,0.6227680177889076,0.001,137.324,13.474,2.173,2.179,2.6,0.1201261651823505,0.9927586335250793,US-HB1,2019
0.40141179482954614,0.1318353968425593,0.11732524709201017,0.09215048430012562,-0.30470796355260654,0.060954538770805894,286.3676709930827,0.9791456096177501,0.015,148.28,8.195,3.138,1.02,2.3000000000000003,0.2717767384711357,0.9623603298276545,US-HB1,2019
0.34248027530550357,0.1274351180268704,0.11381521591721118,0.09358555996329224,-0.25837172668124214,0.05232534477251556,285.19081036385,1.5777658280267186,0.0,150.996,8.619,3.326,1.253,2.3000000000000003,0.5230943033491326,0.8522748088519838,US-HB1,2019
0.2754392471536111,0.09170183860682586,0.0808393036913357,0.09699307610108031,-0.16672440973638245,0.0,286.19178606590003,1.4231012192990866,0.002,156.802,17.971,5.308,2.926,4.9,0.6216868902665479,0.7832658619336791,US-HB1,2019
0.29782625816943814,0.09663122310371446,0.08521206837073772,0.07320018615951845,-0.23037939717442704,0.0,290.24384023085,2.3213774478611118,0.005,245.04,13.315,6.333,2.208,4.9,0.9395699859530622,0.342356891994542,US-HB1,2019
0.30083989278246287,0.08333561794685028,0.07288246222760342,0.1228663745836311,-0.13792274261796614,0.0,287.91273350074994,2.3943386791269226,0.527,215.148,12.174,4.669,2.874,4.800000000000001,0.981124629771712,0.19337647441020586,US-HB1,2019
0.32001475469424157,0.12033953988545708,0.10733296528144011,0.08222552518860378,-0.2554294107260731,0.038551689638408444,290.8551103826,2.0898602463320257,0.0,279.366,12.634,4.033,2.794,5.2,0.9972495210773451,0.07411742515094437,US-HB1,2019
0.3528586452019168,0.11149563425502984,0.09859333218566758,0.1026968562669929,-0.2341289971986718,0.021622465528324995,296.4928096607,3.799253409330303,0.0,309.541,17.224,8.191,1.528,4.9,0.9373419384643772,-0.3484108069446808,US-HB1,2019
0.3196818930186159,0.10140680654506214,0.08946022530165208,0.11322597207829424,-0.16542197418453478,0.002623368268360738,302.1504530855,3.908327309980271,0.029,273.999,22.606,6.468,1.903,5.800000000000001,0.8073707443023492,-0.5900444739548627,US-HB1,2019
0.35342943374966046,0.14128441680876203,0.12700065064189553,0.13107572986905772,-0.24564564064513336,0.07971680553338854,299.89442316469996,6.440191660491689,0.0,326.187,19.001,10.908,2.083,5.800000000000001,0.7306444969184916,-0.6827580970759147,US-HB1,2019
0.3382208573609125,0.13559196413336103,0.12172433367676097,0.07694500868245639,-0.25608520738981255,0.068375378483708,308.79314423914997,5.507373263791499,0.0,302.613,27.434,10.578,2.098,8.0,0.6166212130956382,-0.7872599821916922,US-HB1,2019
0.3495393415654782,0.1359387591101222,0.12188885629720353,0.13804526599036038,-0.2158497554049486,0.069062981471867,304.06446377433525,6.015340991182315,0.376,280.631,26.684,7.351,1.855,6.7,0.26556302780405594,-0.9640935007889755,US-HB1,2019
0.3602543016282134,0.14311269359154244,0.1286686253585479,0.10882797435883657,-0.2561608708138356,0.08338437021338951,306.64931936989996,6.615796169110131,0.005,323.431,29.434,12.056,2.038,7.1000000000000005,0.11371951458594969,-0.9935128947338007,US-HB1,2019
0.33427312900980327,0.1174191130249453,0.10437527160392068,0.1812030929251439,-0.13400260582856052,0.032932444130558264,307.4068776294737,5.132572832086154,0.874,272.526,29.319,5.983,1.494,7.300000000000001,-0.00645086419810515,-0.9999791929590823,US-HB1,2019
0.38235009956045957,0.1882641816442266,0.17300519272701564,0.12984302861415342,-0.2561527299919247,0.17807561976477385,306.22997104115,6.9469690685851635,4.739,241.697,28.37,5.789,2.428,6.7,-0.16057454459499376,-0.9870237158387383,US-HB1,2019
0.3480822457709678,0.1188758743472248,0.10559866299699204,0.14359534573205293,-0.18440414989516615,0.035731832899391885,306.7302580835,5.646006529156034,0.563,298.003,29.754,8.436,2.93,7.5,-0.2779791393987801,-0.9605871111248129,US-HB1,2019
0.45687966403078856,0.1830621368599473,0.16632016470513367,0.14373040229776923,-0.27808920254183056,0.16674076783360722,305.02040765655175,2.7055892213269543,0.12,232.002,27.066,6.992,2.052,5.5,-0.9527692922168511,-0.30369503751065885,US-HB1,2019
0.3403179033360809,0.09587965094408747,0.0841532763039646,0.1341568209963559,-0.17577827381571628,0.0,299.10424530110004,2.7895955632406704,0.226,219.139,23.022,8.677,2.917,4.7,-0.9823516608469237,-0.18704334906991657,US-HB1,2019
0.29058233558201635,0.07064876328214974,0.06137804206736349,0.20905857470444952,0.009600903100724612,0.0,303.38822921315,2.86725071234464,0.0,228.811,26.931,8.496,1.15,4.800000000000001,-0.9994446170919858,-0.033323525711631344,US-HB1,2019
0.37325360202563784,0.11617656274520986,0.1028001898089324,0.13580135379570973,-0.23471087835638071,0.030550317033382762,296.64240785105,1.3552641877365013,0.889,159.307,19.538,2.882,1.828,2.8000000000000003,-0.8035476485339116,0.5952404359043674,US-HB1,2019
0.3430253432779232,0.12537777000691305,0.11184123178764148,0.1719232741200136,-0.18324319703694578,0.048313899846458834,290.31070524710003,0.875225710781103,1.471,84.886,16.371,2.014,2.295,2.0,-0.6115298757991053,0.7912213413483807,US-HB1,2019
0.3343640926725025,0.10293943414380213,0.09075686729255551,0.10340138581173991,-0.20665383788330674,0.005488509630282167,285.15645926285,2.2314729751342894,0.123,139.621,8.314,4.23,3.379,2.3000000000000003,-0.22596360824801906,0.974135744004672,US-HB1,2019
0.347700025662152,0.08566978479537089,0.07472642370470492,0.21299393778422462,-0.14864972909866553,0.0,286.1331670229,1.5372676966625267,0.007,112.418,11.368,2.807,2.658,2.6,-0.10730813165636247,0.9942258118156161,US-HB1,2019
0.32190774373880643,0.07709817760002731,0.06706101845010036,0.1310673572842963,-0.17055611078841876,0.0,284.83049978555,1.6979649067113465,0.0,166.493,8.645,4.144,1.935,2.9000000000000004,0.4324994021339788,0.901634220265486,US-HB1,2020
0.3623471113123457,0.17381375649222292,0.15891259791059678,0.09171241026355628,-0.28406749200415315,0.14687351594475506,285.607447018008,1.4792224082162675,0.0,151.437,14.494,3.858,3.155,4.4,0.5663619330814524,0.8241566360566663,US-HB1,2020
0.2556061985537207,0.045305562438767606,0.03885405151034123,0.13889108882742615,-0.007782892213651824,0.0,286.39641437825,0.26683320318643833,0.118,135.326,19.279,3.059,3.7,4.9,0.6612634749656386,0.7501537286959042,US-HB1,2020
0.3524658370627743,0.10174569058629673,0.08949624796589319,0.15163600027799234,-0.2507273749594952,0.0032562456032715287,286.753896545,3.278189117348766,0.068,225.226,8.957,5.175,3.484,3.7,0.8402480696078469,0.5422021592729844,US-HB1,2020
0.38495434528972033,0.14949253479366648,0.13449118755593653,0.11568858130071544,-0.2868870902546048,0.09627921785526397,288.7449273752,4.07211789181771,0.0,247.672,8.242,5.818,3.721,4.1000000000000005,0.9138076496466615,0.40614723863057883,US-HB1,2020
0.3259568339440137,0.1025288059599667,0.09044959921591589,0.08219745231991177,-0.2500099102744435,0.004720135719506071,295.3006384649,3.003318176222755,0.031,186.209,17.727,5.781,2.435,4.1000000000000005,0.9559793438440766,0.2934339689665273,US-HB1,2020
0.3513923173015438,0.1621087670434546,0.14747220644002018,0.1012893181568998,-0.25814686703670414,0.12223326659605026,303.22354290594285,3.6358942940379126,0.761,267.594,23.278,3.327,3.614,6.9,0.6944521021088763,-0.719538934232584,US-HB1,2020
0.3477772678538484,0.14385951158252888,0.12959372563251717,0.1305747991805439,-0.23653588049991423,0.08488603237160232,306.02536836394995,7.9833379976018355,0.0,324.456,23.704,12.442,2.181,6.7,0.47275920928627757,-0.881191653407483,US-HB1,2020
0.3704939689399008,0.14166195759786276,0.12711361501563584,0.1659176254648934,-0.21268914856189516,0.08047315872291824,304.379600279,5.674598212814832,0.0,289.64,27.743,11.644,2.649,7.4,0.062318379354325076,-0.998056320853012,US-HB1,2020
0.28749732795294225,0.11544649777998757,0.10312435721125156,0.16186618959109786,-0.11954762226253447,0.029153094095414844,304.7461180120474,5.923961163265481,0.0,320.418,28.174,9.653,1.454,7.5,-0.05802556932878035,-0.9983150972033183,US-HB1,2020
0.514867972102857,0.21186862688957797,0.19414393092210738,0.2032728365040053,-0.31833399245048755,0.23102967365552257,310.98164784372875,6.06335561916733,0.512,264.355,29.321,7.075,2.115,6.800000000000001,-0.2112757555821793,-0.9774264960104055,US-HB1,2020
0.40434512296978475,0.14971367216438866,0.13443527515989512,0.1766003014086936,-0.2261959446595058,0.09672890234577519,309.60976903249997,6.481698199684039,0.06,290.018,29.685,9.75,2.368,7.2,-0.3271603271220951,-0.9449688462364056,US-HB1,2020
0.3472140486068402,0.09415918968488325,0.08251664805357677,0.26713154369953135,-0.019715982517576346,0.0,295.0363571585,2.544549507910757,0.001,252.655,17.977,7.945,2.214,4.2,-0.9906923101615609,-0.13612033862266704,US-HB1,2020
0.40084370987561324,0.10850336586797753,0.09541806100083387,0.20011360820585858,-0.1735271385972683,0.01595313539432317,298.60286449234997,3.9622916157879744,0.0,237.523,20.932,8.826,1.548,4.0,-0.999832969770105,0.018276557681691223,US-HB1,2020
0.4076840267873918,0.10637259252409896,0.09339897359639528,0.16387905894423202,-0.22651734418770447,0.011933800635326184,300.43462413559996,1.6371828358323928,0.0,222.023,23.157,5.68,1.283,4.2,-0.9903973200352558,0.1382503109109819,US-HB1,2020
0.3738827854941954,0.06939921188971952,0.05991501736203853,0.27436501037284106,0.010350164149417805,0.0,294.32980969925006,4.652789270396415,0.013,207.391,17.32,6.676,3.674,3.5,-0.957232443323312,0.28931997761869527,US-HB1,2020
0.38105987423607823,0.12769167914518212,0.11360117982246827,0.15367781218099183,-0.22789140797386853,0.052826619581139156,297.20118056466856,1.8564451575508762,0.063,154.961,22.585,2.916,1.122,3.3000000000000003,-0.9155458729775467,0.40221356823680365,US-HB1,2020
0.2958630174622092,0.05163534021261756,0.044337435305130964,0.20482153371722178,0.013493131229466836,0.0,287.7320996888,2.4983076644820272,0.0,160.952,9.085,5.873,3.533,2.7,-0.6644834655228552,0.7473029667054297,US-HB1,2020
0.404220670197705,0.12298169958166177,0.10892437231486818,0.17534486292165596,-0.23634876203281657,0.04366039321184909,290.0855431796,1.770561769108519,0.0,130.706,13.572,2.943,0.958,1.6,-0.3251276029999093,0.9456701548465688,US-HB1,2020
0.4152622620453578,0.1302678728118998,0.11570305982909737,0.13930190593394431,-0.30486976379471803,0.057872760352383645,284.08542269585,1.6395688918769276,0.0,140.226,5.875,3.685,0.825,1.4000000000000001,-0.05587875690537313,0.9984375616565666,US-HB1,2020
0.2657295973031686,0.07470856950382539,0.06522805119446058,0.11133290262892417,-0.16168982700991918,0.0,293.12786296625,1.0751520538219403,0.336,142.243,19.008,3.904,3.29,4.6000000000000005,0.8584015232918917,0.512978386299228,US-HB1,2021
0.3502650086743414,0.12695232265818043,0.11325323704472381,0.08178874761283735,-0.277132743797685,0.051382668024033656,294.7226512829,3.417098249320039,0.0,252.688,12.324,5.853,1.487,3.8000000000000003,0.9272375462179537,0.374473674486883,US-HB1,2021
0.3518094687556213,0.11745655852311225,0.1042160667668614,0.08573237620008835,-0.2649345873288877,0.033004312133144205,288.53004500285004,3.1866167520028705,0.0,300.918,6.478,5.962,3.653,3.5,0.9999300657962057,-0.011826390691832589,US-HB1,2021
0.3527111046297027,0.1089066919059134,0.09616878123363176,0.19518495729077018,-0.11705918776136122,0.016715597597007425,297.67229145724997,3.6871360265717903,0.0,311.823,19.784,6.497,1.599,5.1000000000000005,0.9039461929224011,-0.42764620926777464,US-HB1,2021
0.3896890155693889,0.15816532744188772,0.14287632913427042,0.15283196355078413,-0.2426114618499643,0.11405479310335134,307.7819828375,4.9180353031144435,0.13,268.389,24.502,5.131,2.856,6.6000000000000005,0.8460288880917339,-0.533137056031809,US-HB1,2021
0.36312627105618656,0.11618646282368676,0.10290435138786858,0.23758903422476943,-0.06297472636918112,0.03056927635128583,306.3965055206,3.75650041805819,0.067,302.165,25.876,6.325,1.753,6.0,0.2985688173637202,-0.9543881083175908,US-HB1,2021
0.4123224229773987,0.1552759913406713,0.1397206068430304,0.1483865971713807,-0.2366165119606046,0.10810087338036437,308.1449423813,5.01722748043433,0.379,295.82,27.313,6.579,1.554,5.4,0.02795029824021032,-0.999609314096404,US-HB1,2021
0.507911009026727,0.1763082390864844,0.15898251814545142,0.26948092694566367,-0.015060983087192214,0.1521968552389205,303.69391049498074,5.003418727525611,0.811,258.929,27.092,5.401,2.364,6.0,-0.3594718130884232,-0.9331559438780432,US-HB1,2021
0.4013647446843737,0.21276644690596153,0.19758913187254773,0.14415517905953598,-0.1283969410855485,0.2330950952886695,305.9516751118497,4.669711088161843,1.191,264.992,29.716,6.989,2.708,5.7,-0.4990686026885319,-0.8665624788845385,US-HB1,2021
0.3826798306573668,0.10115487581322856,0.08873571879106897,0.2524316368569045,-0.058698090583767376,0.0021531152485028456,307.8864065133333,4.276080631982754,3.809,204.974,27.604,5.129,2.03,5.2,-0.7944973291665992,-0.6072676460566135,US-HB1,2021
0.459952950627934,0.13856851239155882,0.12316666708368333,0.17084756866797648,-0.25701420917382156,0.07429113747373098,298.6867682220408,3.0758559305000603,0.0,240.445,21.474,9.894,1.671,4.5,-0.994788305609327,-0.10196189005174576,US-HB1,2021
0.4279665536891271,0.12395091221634748,0.10963883068988113,0.15590020115211067,-0.2584149658791824,0.045540368048617885,304.48792587784993,3.6931089593561044,0.655,185.621,24.631,4.689,1.845,4.2,-0.9986126020839734,0.052658056924614005,US-HB1,2021
0.43151996918179414,0.11144948833818133,0.09795160843663601,0.1407358105293586,-0.25964952802719193,0.021534812298125403,296.89859699510004,3.05740422620387,0.0,205.161,19.551,8.139,1.719,3.9000000000000004,-0.9467139181463862,0.3220757010206104,US-HB1,2021
0.42132854433189393,0.11524127747011266,0.10154220029863494,0.12410257210465057,-0.291506440476778,0.028760656215474616,293.37609666875,2.0825634211015593,0.0,194.724,15.24,8.391,2.248,3.6,-0.9011686968561569,0.4334685453485363,US-HB1,2021
0.41857602309040304,0.1225510351904388,0.10839928993876961,0.17929933628449404,-0.24667185624689209,0.04282606751553028,295.91524118615,1.2744657031230657,0.822,145.382,18.604,3.809,2.143,2.6,-0.7494423368521953,0.6620696215153815,US-HB1,2021
0.38619355245770054,0.09642803468764592,0.08436121362029314,0.15362367731479118,-0.17487768010440452,0.0,290.07811753115,0.879916675728432,0.0,140.936,14.261,2.491,2.008,2.6,-0.6383844591746642,0.769717664006921,US-HB1,2021
0.3281908084250021,0.0809848522627613,0.0705619453157071,0.12910673816998203,-0.11904482373031205,0.0,284.95361686595004,1.3942814280548834,0.0,155.35,6.534,4.872,1.8,2.1,-0.5978291414589552,0.801623551065242,US-HB1,2021
0.3014373768264087,0.14220686932020762,0.1288606939175497,0.06383942069850386,-0.25531585645294236,0.0815657362437872,288.71529546639795,1.1463370296057622,0.001,125.903,12.637,2.471,2.081,2.8000000000000003,-0.29240597695107734,0.9562942772197719,US-HB1,2021
0.37615359179516206,0.11711451836780479,0.10365527273490872,0.09524855264322311,-0.2804233628989097,0.032348019444659655,289.5973815632,1.4340278692248565,0.0,134.695,12.697,2.482,2.363,2.5,-0.27591294500296043,0.9611826292540837,US-HB1,2021
0.3318952681221827,0.05985957544967503,0.051532158913332744,0.22781334816573406,-0.0049269040209427495,0.0,284.6867293193,1.013764619828855,1.091,115.147,9.385,2.262,2.533,2.3000000000000003,-0.15845177496083632,0.9873667175937016,US-HB1,2021
0.34545623897890987,0.0658088419603266,0.05679473770419521,0.13250155609259978,-0.10504508886948002,0.0,283.36819392410007,1.2529129487149269,0.0,139.086,7.538,4.448,2.356,2.2,-0.14144406768794202,0.9899462489023779,US-HB1,2021
0.37805499165415835,0.11256591973653572,0.09937388470976792,0.1086926137354346,-0.27855553321377513,0.023657415108771788,291.8370220781,1.3238631711540572,0.045,100.3,12.789,0.635,1.062,1.8,0.03439806061360801,0.9994082116062598,US-HB1,2023
0.33435651567105534,0.10740876640099321,0.09493634153180955,0.11783280150363491,-0.1938909559876962,0.013886526944940712,292.64094892714996,1.5021037562700954,0.017,120.53,15.074,1.121,1.767,2.6,0.051584366869408364,0.9986686402879997,US-HB1,2023
0.2779900936921884,0.06458735585284016,0.05596654308261165,0.09547798330332294,-0.10857516912509495,0.0,286.9848692465,1.1646330461774244,0.0,138.52,10.799,3.41,1.46,2.1,0.18809941761179758,0.9821499931752291,US-HB1,2023
0.37289114730850126,0.10003010794095091,0.08776103552319509,0.09937671866576146,-0.27937375920433943,5.6078802732936106e-05,287.1376376504,2.218759348188808,0.329,167.229,10.883,4.139,3.628,2.7,0.4324994021339788,0.901634220265486,US-HB1,2023
0.3574298662700223,0.09272781440550999,0.0811334625448516,0.10201298373270166,-0.23237622741661318,0.0,281.77279890890003,2.911881993528447,0.0,170.088,5.266,3.533,3.468,2.0,0.5663619330814524,0.8241566360566663,US-HB1,2023
0.328596467800996,0.08296297660871081,0.07236364528519676,0.09642475297425838,-0.20178911993153414,0.0,289.65141191435,2.4785311677218003,0.0,199.473,15.383,4.566,2.938,4.9,0.7690308592589181,0.6392116531380588,US-HB1,2023
0.29694619952700696,0.06434283225870584,0.05566074689942102,0.07270774292523685,-0.1700787433210652,0.0,290.1695752013,3.615982484289113,0.0,246.525,12.824,10.181,3.16,5.2,0.9138076496466615,0.40614723863057883,US-HB1,2023
0.34721009328733926,0.11922505371222102,0.10593908787931265,0.07768953005364346,-0.26911054940552825,0.03640389509700063,292.4346286949,4.199675801091044,0.0,263.928,10.735,6.981,1.582,4.0,0.9608854255574977,0.27694620226893646,US-HB1,2023
0.309869570225956,0.07342753991505634,0.06379429729905327,0.13457898943614222,-0.13457957755973535,0.0,295.2497783273,3.236531437876598,0.046,245.468,18.99,4.088,2.784,5.7,0.9871957872910085,0.15951325197263655,US-HB1,2023
0.3221022365385356,0.08828955623458609,0.07728519361227011,0.08088880373534403,-0.19912680972494815,0.0,297.43065453335,3.4143540912953885,0.0,261.729,20.083,4.761,3.539,6.1000000000000005,0.9897936029670716,0.14250832791617088,US-HB1,2023
0.3608321236507087,0.14744402050480593,0.13287063519344153,0.12343104687314053,-0.23603781090845888,0.09212227340559648,292.37107061300003,6.144242716100266,0.084,293.498,19.68,10.941,2.762,5.2,0.9638074231367307,-0.26659942067929354,US-HB1,2023
0.3846894963363966,0.14917931664037518,0.13419089044142288,0.09750844320280617,-0.3018616881737073,0.0956426011484292,298.80895400825,7.502041593543054,0.067,330.476,18.907,13.873,3.736,7.2,0.8638670987837349,-0.503719798736334,US-HB1,2023
0.3795667089156121,0.14772288859718563,0.132852089218649,0.09909911599984696,-0.28591917205470424,0.09268724227036597,298.95577505734997,6.657186701912935,0.0,328.199,18.028,12.749,3.004,6.4,0.8550745085896932,-0.518505144391157,US-HB1,2023
0.3202978407978717,0.11314029857832252,0.10048585756151443,0.16262356297030264,-0.12758175390632906,0.02475104586817703,298.46716909835,4.7119235642008315,0.003,303.868,21.535,5.793,3.376,5.800000000000001,0.7865965660866021,-0.6174672802835514,US-HB1,2023
0.3055034723255981,0.13763766295642704,0.12428922681654321,0.17972310502127592,-0.08946524537261967,0.07243769041355466,285.9575458908988,3.0649847871833615,3.286,234.472,25.756,3.423,2.243,4.7,0.21547731504673012,-0.976508846196619,US-HB1,2023
0.3888997317977404,0.16049041876443526,0.14516908408314105,0.10743160332870508,-0.27496020278107525,0.11886953532794114,308.48042104430004,5.628424954141446,0.0,307.132,27.792,10.13,1.18,6.5,0.062318379354325076,-0.998056320853012,US-HB1,2023
0.37825776371381364,0.15116440115683386,0.13621875569810687,0.10410530150597688,-0.2667571024415164,0.09968354279001107,310.26419168675,7.830570697007007,2.479,217.685,28.561,5.229,2.537,6.4,-0.2112757555821793,-0.9774264960104055,US-HB1,2023
0.33428004751401347,0.1280746976930512,0.11454029843741279,0.18372573706440923,-0.13121067902165118,0.053575395477476376,304.51549220915,4.85915522076744,0.284,300.794,30.05,10.566,2.535,7.0,-0.3271603271220951,-0.9449688462364056,US-HB1,2023
0.421621326119895,0.16398773536612354,0.14808222786040331,0.1452166642820707,-0.26971340537629507,0.12615165674664353,307.02941173895,4.729742381629096,1.103,286.319,28.863,8.329,1.555,6.0,-0.46896519100763184,-0.8832166493127127,US-HB1,2023
0.3395513629198719,0.09482423303961322,0.08318370360623138,0.16253183616292202,-0.14007332127020494,0.0,307.65966044674997,3.56259533542547,0.302,276.77,27.971,6.685,1.157,6.2,-0.5716666713027052,-0.8204859638785327,US-HB1,2023
0.34917647995805984,0.12225301243899095,0.10878974008951614,0.13440770077821093,-0.18934151259021553,0.04224907895967131,305.8040772041,4.778592294764276,0.111,277.432,29.266,7.627,2.577,6.800000000000001,-0.5856957398073508,-0.8105309990194823,US-HB1,2023
0.40785270666918694,0.1596749061410841,0.14407050600354845,0.13828926615656753,-0.2467851406848278,0.11717838874461559,308.51299898301505,4.944173476161101,0.801,253.119,29.906,5.62,3.148,5.4,-0.6913512362094071,-0.722518835873311,US-HB1,2023
0.3777999019013764,0.14200691006495816,0.1273453097138884,0.17876932937623102,-0.15629723045413293,0.08116468092180133,301.2859979056805,3.739206064136412,0.118,264.763,29.618,7.998,1.555,5.4,-0.7731383255706026,-0.6342374393978054,US-HB1,2023
0.4373657372904587,0.12664051643644936,0.1120916573677583,0.14705326628681414,-0.31129978477064474,0.05077428373751873,307.14276182719993,3.335795852051156,1.375,242.938,26.219,8.618,3.729,4.0,-0.8616928164028521,-0.5074302810827518,US-HB1,2023
0.32395327382331507,0.11710258752323681,0.10419921422502816,0.09371971839936799,-0.2197867830718681,0.03232513410001967,308.56253897479996,4.278317585168695,0.004,245.329,28.689,8.132,2.053,6.0,-0.9164086366943458,-0.4002439388573056,US-HB1,2023
0.3503748615485578,0.13454036225840885,0.12052888792598014,0.07886455419775013,-0.2565764341499757,0.066292955814249,306.73667541605,5.964818447496887,0.285,236.39,27.658,6.363,1.8,5.2,-0.9231578729647039,-0.38442104726885545,US-HB1,2023
0.3491519466659157,0.08817258141101177,0.0770061067628625,0.04460313335836927,-0.2839015986006319,0.0,301.42984047395,3.8737772717430565,0.0,265.598,23.467,14.086,1.297,4.800000000000001,-0.9671667297977312,-0.2541427094613622,US-HB1,2023
0.3927610729603582,0.1258454670478334,0.11173215440100016,0.07979147643870498,-0.2925133325923414,0.04922453663223126,303.39121998064996,3.978027952638875,0.002,229.934,24.75,7.579,2.011,4.7,-0.9928872135356962,-0.11905873003404988,US-HB1,2023
0.20219550789017016,0.036068248564344006,0.030867270160347987,0.032833323294994825,-0.08698438996682843,0.0,298.4383637348,2.556271869457184,0.0,227.425,22.144,7.461,2.634,4.7,-0.9999994220246925,0.001075151282798226,US-HB1,2023
0.1668303937578046,0.05330633585010788,0.04648546213010966,0.21013052613873007,0.1338569617542085,0.0,298.11219063125,2.1571943451530684,0.0,235.906,22.574,7.94,2.256,4.9,-0.999832969770105,0.018276557681691223,US-HB1,2023
0.346759188832949,0.10630160159795596,0.09378598715481526,0.03561452304914212,-0.3376374038178465,0.011800141280836032,298.77745695395,4.947367670253501,0.0,226.881,17.707,10.559,1.705,4.1000000000000005,-0.9903973200352558,0.1382503109109819,US-HB1,2023
0.30391346850361045,0.11028804457550744,0.0979839807719252,0.06532258526467857,-0.24111199014373003,0.01933097285558065,296.6199600047,4.41701598213654,0.0,204.534,21.005,10.301,2.545,5.1000000000000005,-0.9878726596350429,0.15526624985999563,US-HB1,2023
0.21926947582877085,0.04154529624750016,0.03564190144623541,-0.010871006137955606,-0.19406336211631928,0.0,293.17460438974996,2.253354100923495,0.0,200.284,15.011,7.004,1.62,3.4000000000000004,-0.9620675724981452,0.27281126433401914,US-HB1,2023
0.20422808576260423,0.04128516928082223,0.03546281723183342,-0.03172740381758184,-0.1801321344674245,0.0,294.7150803686,2.182470139457006,0.0,203.856,17.13,8.231,1.243,3.3000000000000003,-0.957232443323312,0.28931997761869527,US-HB1,2023
0.3402262087205244,0.10728712644911614,0.09476667333072349,0.028482224898051047,-0.34694688367141885,0.013657109960218584,299.3189140472,2.653910049925728,0.0,163.427,20.419,4.479,2.535,3.4000000000000004,-0.9155458729775467,0.40221356823680365,US-HB1,2023
0.30675598997806863,0.09637128045074624,0.08488494498991325,0.02440082054737254,-0.2936904452614959,0.0,299.1710846822,2.9286325817841874,0.004,149.459,21.521,4.977,2.186,3.4000000000000004,-0.9084917035725082,0.41790288888678667,US-HB1,2023
0.18550154625518606,0.03402662571082003,0.029120893868373403,-0.06918616200680491,-0.2025001291405388,0.0,288.7067651819,2.332642200522145,0.0,187.018,9.691,5.873,3.193,2.7,-0.8517119107469189,0.5240103253675756,US-HB1,2023
0.2303744086485692,0.05758600380570458,0.04990641136999738,-0.03707888870863927,-0.23854484148179583,0.0,289.21142728985,1.782005395263088,0.0,180.845,12.925,5.039,2.923,2.9000000000000004,-0.8425720899866032,0.5385835804920232,US-HB1,2023
0.269825804577321,0.062134324028670154,0.053797381192070226,0.02084830212298549,-0.23721715690993594,0.0,294.96238266065,2.2882208628155856,1.265,146.924,19.265,4.087,1.898,3.0,-0.6772399381909491,0.7357622347736527,US-HB1,2023
0.25578425098334745,0.07374039176902886,0.06441571879283925,-0.00966981621643921,-0.25358412623062787,0.0,291.1360545365,1.6654312952443864,0.0,153.087,15.566,5.815,2.799,2.6,-0.6644834655228552,0.7473029667054297,US-HB1,2023
0.3098272249741803,0.07881260829338337,0.06868755744445885,0.0030327713864474522,-0.31385868457354904,0.0,285.07237597085003,1.4040189114531565,0.0,137.869,7.615,3.43,2.376,2.3000000000000003,-0.3251276029999093,0.9456701548465688,US-HB1,2023
0.36253099931897365,0.10900490921683255,0.09617537169218238,0.014261485660127792,-0.3985667882117185,0.016901351299155067,283.0883264465,1.2086706383493624,0.0,140.675,4.329,3.427,2.237,2.3000000000000003,-0.19232150523909483,0.9813319716704275,US-HB1,2023
0.3335279314085301,0.1125071726172733,0.0997387176436696,0.015545528990341772,-0.3432263387042851,0.023545620546634477,284.9695875644,0.9778115169369861,0.0,138.531,7.092,4.435,1.613,2.4000000000000004,-0.17541259380427843,0.9844950085880858,US-HB1,2023
0.27532275486283764,0.06327171847097685,0.05479461803720346,-0.00425744639417658,-0.2968828849540638,0.0,286.1496115968421,1.3470814705221417,0.0,137.265,9.411,3.264,3.431,2.6,-0.03869579017652689,0.9992510374388481,US-HB1,2023
0.18773942208589664,0.05547032116278343,0.04827651341390415,-0.09820520167121088,-0.3006465288020702,0.0,286.9923304243684,1.8819653857841365,0.0,245.376,8.682,5.712,4.539,3.9000000000000004,0.9138076496466615,0.40614723863057883,US-HB4,2020
0.27264853594421123,0.09681086757332422,0.08565181703189469,-0.08554000414180918,-0.377181071207468,0.0,296.5409470755263,1.4267880276826226,31.356,184.482,18.285,5.673,2.969,3.7,0.9559793438440766,0.2934339689665273,US-HB4,2020
0.3695941722761842,0.1587785213442223,0.1438224619032612,0.0014909687720266772,-0.3989922006118916,0.1153225333390473,309.12868721489474,4.869484865952499,1.614,238.964,23.096,6.573,3.224,6.1000000000000005,0.9912685467787256,-0.13185851571739118,US-HB4,2020
0.44738819767456756,0.16215493231495418,0.14594052208920769,0.28534951880971565,-0.1183683855883686,0.1223293721625321,288.7710770271579,4.578404165425857,0.0,269.349,17.551,9.247,1.795,5.300000000000001,0.7758587728069828,-0.6309066211876704,US-HB4,2020
0.4898985572047523,0.14813767620970206,0.13200232879359464,0.3177527766728598,-0.16180589458812458,0.09352811304888198,302.83409756205265,7.395364157779494,0.0,321.447,24.336,12.756,2.66,6.6000000000000005,0.47275920928627757,-0.881191653407483,US-HB4,2020
0.45019273728994214,0.14057264473820932,0.1251570876244488,0.23010178611055365,-0.2170449033149654,0.07829227837459854,304.9338232272105,6.236970425989134,0.231,286.954,28.425,11.907,3.231,7.300000000000001,0.062318379354325076,-0.998056320853012,US-HB4,2020
0.4999155282177244,0.18463202794691763,0.16724160104719324,0.22761096783286638,-0.27948635425039164,0.1701491378412746,309.438611681,6.689389436921863,0.0,317.446,28.862,9.79,1.774,7.4,-0.05802556932878035,-0.9983150972033183,US-HB4,2020
0.541501909401107,0.25781213182747215,0.24079290784743232,0.15822637112138482,-0.405603822364919,0.3420463331423836,310.9202513926842,6.918785474377886,520.369,261.904,30.023,7.049,2.58,6.9,-0.2112757555821793,-0.9774264960104055,US-HB4,2020
0.4330044296327168,0.14013675227151606,0.12490740098813,0.09989649545565277,-0.34234389739195,0.07742080228910583,309.49500001621055,6.047267485505018,60.867,287.328,30.392,9.894,2.889,7.2,-0.3271603271220951,-0.9449688462364056,US-HB4,2020
0.4974757824306558,0.14437348012433054,0.12836050959299894,0.16968395476182202,-0.24131339950628092,0.08592068652916604,305.33772525373683,3.3590918517836013,3458.598,235.996,28.672,4.41,2.11,4.2,-0.5716666713027052,-0.8204859638785327,US-HB4,2020
0.4359070887014181,0.13143345342902663,0.11662069221608447,0.14943155187980062,-0.29223989828156127,0.060163486997945236,296.28804957468424,3.026666601192786,0.922,250.312,18.537,7.974,2.7,4.2,-0.9906923101615609,-0.13612033862266704,US-HB4,2020
0.476051073988269,0.13489425357013146,0.1195631171100083,0.07246784911227108,-0.42028509633425115,0.0669933046096452,300.27677097721056,3.3284454535476033,0.0,235.32,21.529,8.911,1.888,3.9000000000000004,-0.999832969770105,0.018276557681691223,US-HB4,2020
0.4464984779967112,0.1316307122597661,0.11671804405339262,0.08151826944322926,-0.39280931971532845,0.06055163453778094,302.20565860589477,2.8858745972609694,0.0,219.964,23.782,5.682,1.565,4.1000000000000005,-0.9903973200352558,0.1382503109109819,US-HB4,2020
0.36743458690461767,0.08683194558671434,0.0756818374109269,0.010626740460384263,-0.3593678865372596,0.0,295.59023380731577,3.9803096884676807,13.372,205.468,17.872,6.625,4.481,3.5,-0.957232443323312,0.28931997761869527,US-HB4,2020
0.5103913465471038,0.1041831870073491,0.09088381225299505,0.027947211469033686,-0.5478320925192607,0.00781912308651022,301.99206908986014,1.6551933585629768,64.095,153.524,23.203,2.736,1.368,3.2,-0.9155458729775467,0.40221356823680365,US-HB4,2020
0.35628324356023733,0.09879712214456368,0.08673559407605985,0.013548307489106895,-0.3763769675112616,0.0,296.8703002868947,1.3323601135290264,209.347,143.77,24.144,5.666,4.48,3.5,-0.7717727365467837,0.6358984534680745,US-HB4,2020
0.38134983505236286,0.1108095645092532,0.09770664530929846,-0.08108298934052183,-0.47483106245984746,0.020320010192065332,286.3111190383684,2.4237053034008325,0.0,159.459,9.535,5.771,4.309,2.6,-0.6644834655228552,0.7473029667054297,US-HB4,2020
0.29886805111199555,0.08973367651935535,0.07879357094039179,-0.10445297821529682,-0.4361185146273799,0.0,290.08464909752627,0.6507360180297873,0.0,129.494,14.077,2.74,1.169,1.4000000000000001,-0.3251276029999093,0.9456701548465688,US-HB4,2020
0.25894381224845203,0.06898750752349254,0.060056335406021025,-0.14799453011311606,-0.45479738600613223,0.0,282.1819170138421,0.7108041990948561,0.0,138.926,6.285,3.444,1.006,1.3,-0.05587875690537313,0.9984375616565666,US-HB4,2020
0.2601766388537378,0.1116483505273086,0.09993198140021685,-0.052145182863115966,-0.36451945704198113,0.02191259684664721,297.61348577236845,2.464477249834831,342.148,140.924,19.581,3.677,4.012,3.9000000000000004,0.8584015232918917,0.512978386299228,US-HB4,2021
0.2563030941837673,0.11522268120160024,0.10345091022664055,-0.11654101948393271,-0.4255678201519125,0.02872510194110512,298.36048504857894,3.1056749984793828,0.0,250.345,12.814,5.75,1.814,3.8000000000000003,0.9272375462179537,0.374473674486883,US-HB4,2021
0.14130759665231002,0.03705194362703102,0.03199206216335824,0.07714493838893566,-0.09137057808264148,0.0,288.2398987295789,3.5213528217103565,0.0,298.128,6.895,5.865,4.455,3.6,0.9999300657962057,-0.011826390691832589,US-HB4,2021
0.44381649445028837,0.12691133091014112,0.11229597740075609,0.2814561334199615,-0.11931802383669593,0.05130266727256348,298.79716408794735,4.142782153050499,0.0,308.931,20.368,6.435,1.951,5.300000000000001,0.9039461929224011,-0.42764620926777464,US-HB4,2021
0.4518005012036896,0.16111152896517508,0.14487184267863557,0.32977722453946157,-0.0987386659823088,0.12015929348465497,303.0849892248421,4.266789153588486,131.879,265.9,25.144,4.982,3.484,6.4,0.8460288880917339,-0.533137056031809,US-HB4,2021
0.6126458783774281,0.20868398336743751,0.18959323487997848,0.3782371096341485,-0.18330231086718216,0.22373459701914428,293.8832476349474,4.611027877211653,191.594,217.336,15.75,5.969,3.914,4.2,0.753697664392914,-0.6572212950663319,US-HB4,2021
0.6746040005743049,0.28201038409788276,0.2633463727223884,0.39615764191015196,-0.2040834917301061,0.4053635319118596,304.3014895272105,1.7583523628328093,4974.285,163.557,25.651,2.758,2.177,4.3,0.44216815196707204,-0.8969321743510065,US-HB4,2021
0.5643100237814922,0.25281141212769054,0.23507441434245774,0.3234753035412254,-0.22981440342019382,0.3294042678026312,305.9646397101115,6.142047094425793,4808.053,304.644,28.51,7.39,4.916,6.6000000000000005,0.18175978759137534,-0.9833429613388902,US-HB4,2021
0.6372873145994756,0.2748237788891877,0.25653284770165363,0.3014823799232566,-0.3077518874164256,0.38617525012730164,305.6139824913433,6.514388681036069,385.493,293.077,27.99,6.522,1.895,5.4,0.02795029824021032,-0.999609314096404,US-HB4,2021
0.5332451686053552,0.17421152377194102,0.156662686645539,0.17463280759911748,-0.33156715934977693,0.14772064313513336,304.63305545678946,3.185806532375423,2115.829,233.013,27.605,4.509,1.723,4.6000000000000005,-0.5995514915196489,-0.8003361849976323,US-HB4,2021
0.5326367742172743,0.18749216608441802,0.16963605638893353,0.09284572193416578,-0.42125581247965915,0.17638605187505496,309.9525649567368,3.2939950406073666,3873.833,203.073,28.285,4.98,2.476,5.0,-0.7944973291665992,-0.6072676460566135,US-HB4,2021
0.4638688028786742,0.13445677046869894,0.11924483065606072,0.08447014143314285,-0.41446512923400186,0.06612759330718343,300.43296549642105,3.157449246070261,0.0,238.216,22.078,10.047,2.038,4.6000000000000005,-0.994788305609327,-0.10196189005174576,US-HB4,2021
0.4342695611623037,0.14920750417451434,0.13357974576574294,0.060761425956816675,-0.39212729875889396,0.09569987728530323,302.90029921257894,2.4378106222139544,666.082,183.899,25.275,4.512,2.251,4.4,-0.9986126020839734,0.052658056924614005,US-HB4,2021
0.3947433346210157,0.1095366088242705,0.09642042568637563,-6.857326954112307e-05,-0.4233945489206137,0.017907474777162313,297.75874262757895,2.1780765554366432,0.0,203.259,20.132,8.18,2.096,3.9000000000000004,-0.9467139181463862,0.3220757010206104,US-HB4,2021
0.3830867632391543,0.09350199514113561,0.08169463576716104,-0.03158554635689838,-0.46688265026162057,0.0,293.9082081757369,2.385607162601251,0.0,192.918,15.767,8.448,2.742,3.3000000000000003,-0.9011686968561569,0.4334685453485363,US-HB4,2021
0.33589921287991714,0.061708525932426206,0.05316601113040435,-0.02012853183879253,-0.39919632914368663,0.0,294.4063755959474,0.8166754866825556,835.542,144.034,19.173,3.649,2.614,2.5,-0.7494423368521953,0.6620696215153815,US-HB4,2021
0.30313450428203226,0.08907884960613947,0.07815340777026837,-0.11646931070488206,-0.4551268040172438,0.0,291.10270635452633,0.5576017119600186,0.0,139.629,14.775,2.176,2.45,2.4000000000000004,-0.6383844591746642,0.769717664006921,US-HB4,2021
0.28728637903443904,0.0851286364604875,0.07463459397690918,-0.1345273360953289,-0.4610752350194835,0.0,284.75088285626316,1.0248987966159733,0.0,153.909,6.952,4.707,2.195,2.1,-0.5978291414589552,0.801623551065242,US-HB4,2021
0.2526023720368162,0.07076516570367282,0.061719095763056286,-0.1496334590765203,-0.44152242526302315,0.0,289.38491744,0.5906646103949921,0.692,124.735,13.131,2.206,2.538,2.6,-0.29240597695107734,0.9562942772197719,US-HB4,2021
0.24083824084932312,0.07154649899128229,0.06252325313481613,-0.15950374914359117,-0.42618829070783976,0.0,288.89965754268417,0.727791008371818,0.0,133.446,13.191,2.165,2.882,2.3000000000000003,-0.27591294500296043,0.9611826292540837,US-HB4,2021
0.2385002267679927,0.06003714463785473,0.05207117813381074,-0.08872733868200683,-0.37321823702729295,0.0,285.26428744984213,0.9909980496623398,1109.675,114.08,9.839,2.12,3.089,2.1,-0.15845177496083632,0.9873667175937016,US-HB4,2021
0.24055615993518442,0.07210040272636216,0.06303336609669037,-0.16496834951990041,-0.43890138160958103,0.0,283.54248685921056,1.3828902175251843,0.0,137.796,7.968,4.255,2.873,2.1,-0.14144406768794202,0.9899462489023779,US-HB4,2021
0.19127792023898954,0.04683252274966143,0.040459850656872645,-0.08723508017392807,-0.30905462249454674,0.0,291.9561499693684,0.9292893206664278,46.112,99.37,13.285,0.537,1.295,1.7000000000000002,0.03439806061360801,0.9994082116062598,US-HB4,2023
0.17649124022967744,0.042523291448361006,0.03668390922227562,-0.06615278977658895,-0.24224181371093892,0.0,291.4847870217895,0.9258362900379524,17.753,119.412,15.598,1.03,2.155,2.3000000000000003,0.051584366869408364,0.9986686402879997,US-HB4,2023
0.17857674156109438,0.0455583609659554,0.0393889026920339,-0.07770596040225591,-0.28817928773715334,0.0,286.7934016603684,1.1685833873726197,0.461,141.252,9.999,2.425,0.999,1.8,0.17117705961019986,0.985240282501282,US-HB4,2023
0.18754234270319017,0.051339979370043434,0.044536007040545125,-0.1308488272195542,-0.32908101129139516,0.0,288.50257094904765,0.9777672097063751,0.0,137.235,11.27,3.152,1.781,2.1,0.18809941761179758,0.9821499931752291,US-HB4,2023
0.18397513186715253,0.046651027426938205,0.04033779828234499,-0.10222896613822342,-0.3314541023038333,0.0,287.30450358784213,3.480250368088849,334.309,165.679,11.355,3.927,4.425,2.5,0.4324994021339788,0.901634220265486,US-HB4,2023
0.134719048142125,0.027444974964058934,0.02350004582587801,-0.04781426619711171,-0.19477982169373656,0.0,289.2770339350526,1.777931791410854,13323.707,100.013,12.213,1.13,4.774,2.5,0.6740694616546161,0.7386679638813748,US-HB4,2023
0.15469342077067946,0.04382487285286862,0.037985286181443194,-0.0857397124421167,-0.25593814540558185,0.0,289.50111213042106,1.8687062601520705,0.0,197.623,15.911,4.436,3.584,4.5,0.7690308592589181,0.6392116531380588,US-HB4,2023
0.2417632338244733,0.08261702276043036,0.07273521662649257,-0.06329853875416872,-0.33716565496235607,0.0,291.85771998815795,3.5236023093180515,0.0,244.238,13.32,10.352,3.855,5.0,0.9138076496466615,0.40614723863057883,US-HB4,2023
0.24942945723225224,0.08570711089578412,0.07552827855662864,-0.04408073194280067,-0.32636619462502187,0.0,293.91429764821055,3.728329943894012,0.0,261.48,11.205,6.949,1.93,3.9000000000000004,0.9608854255574977,0.27694620226893646,US-HB4,2023
0.17402339474781942,0.03916981044464532,0.03370830862987443,0.01600140449420078,-0.18202515871597924,0.0,296.38674040478946,3.854939279474253,46.342,243.192,19.564,3.903,3.395,5.5,0.9871957872910085,0.15951325197263655,US-HB4,2023
0.23796937387583902,0.07090115583325571,0.06195516496191799,0.03884071229236306,-0.21464382473833676,0.0,298.7716728545789,4.700668280001927,0.0,259.302,20.67,4.588,4.316,6.2,0.9897936029670716,0.14250832791617088,US-HB4,2023
0.27192398934289547,0.09789656062954241,0.08668112931398711,0.04061867068009403,-0.25179196317005204,0.0,299.35865482605266,4.155317733326081,779.055,209.095,19.296,4.605,3.678,5.2,0.9997451236925734,0.022576263041545485,US-HB4,2023
0.38462077356129715,0.18935795422830592,0.17405808832819966,0.14736705907443737,-0.2401987166467278,0.18047381392816977,295.8970328887805,5.227783747775278,50.492,202.45,22.2,4.916,3.532,4.9,0.9682507501166718,-0.2499809690726521,US-HB4,2023
0.4632068478458664,0.203266013873655,0.18640960721497823,0.16992670753164163,-0.33868830680895334,0.21143383821429412,300.8042704058947,4.15685294830351,0.0,247.006,18.65,8.396,2.204,3.9000000000000004,0.9248025743285089,-0.38044736628785164,US-HB4,2023
0.4671024740948244,0.19447828129896474,0.17751105753488503,0.2201428017662099,-0.2847278559405528,0.19177071670465876,297.48208988773683,7.344281115992535,68.245,327.411,19.48,14.277,4.557,6.9,0.8638670987837349,-0.503719798736334,US-HB4,2023
0.47912753885594817,0.19140227619217476,0.17424448123902522,0.1984084068279574,-0.3065863225841784,0.1849702538324667,297.7978069982632,5.902546919854236,0.0,325.156,18.589,13.083,3.664,6.1000000000000005,0.8550745085896932,-0.518505144391157,US-HB4,2023
0.4350540955375235,0.15626597888079805,0.14038265945937103,0.3102681851376462,-0.1117051405447126,0.11013726353654617,298.3441864900526,4.907247500061527,3.458,301.05,22.14,5.686,4.118,5.800000000000001,0.7865965660866021,-0.6174672802835514,US-HB4,2023
0.001870748497610936,0.0021639027985966867,0.002040282888144417,0.23625056154182306,0.24264609605453547,0.0,287.40524185095234,2.4958616960154933,26075.86,81.002,18.363,0.431,7.655,1.8,0.5751899607119775,-0.8180198708443175,US-HB4,2023
0.5514817140449033,0.2578627887382577,0.24061353898361504,0.26762509131022405,-0.23379435978048643,0.34217514332345417,303.6669319023771,5.974532558150638,1320.174,271.232,25.281,5.404,2.429,5.6000000000000005,0.3474028211842774,-0.9377159910299093,US-HB4,2023
0.5264628264009799,0.19206619009050563,0.17421876572566386,0.2031617368157217,-0.3134124820661117,0.1864344841065897,307.6585788233158,4.648955337509259,0.0,304.283,28.475,10.298,1.439,6.7,0.062318379354325076,-0.998056320853012,US-HB4,2023
0.5426549682264646,0.19881177436842243,0.18067745569746452,0.19311412703161976,-0.3455642693089069,0.20142322085042294,308.50067101384207,7.722552594796075,2520.919,215.666,29.253,5.087,3.094,6.4,-0.2112757555821793,-0.9774264960104055,US-HB4,2023
0.4880676646323465,0.2246011267368843,0.2076007901661107,0.17979525107539193,-0.3535374171676389,0.2606897879582319,308.7454282302105,7.631489518484659,289.12,298.005,30.761,10.761,3.092,6.9,-0.3271603271220951,-0.9449688462364056,US-HB4,2023
0.4649526890464481,0.15042719091885784,0.1344232295150611,0.07366744568534626,-0.3812299031481872,0.09818110408334674,304.3588492996842,4.42028598747893,1121.894,283.663,29.559,8.382,1.896,6.0,-0.46896519100763184,-0.8832166493127127,US-HB4,2023
0.4853982005459515,0.1444640383222668,0.12854551313773876,0.1338089266543821,-0.3427069425848717,0.08610308741837806,309.2805552403684,4.711012392181517,307.564,274.204,28.656,6.635,1.411,6.2,-0.5716666713027052,-0.8204859638785327,US-HB4,2023
0.49871273517718856,0.1539786158675659,0.13750107391800365,0.12425684332502636,-0.3600725153348689,0.10543789104979302,305.43034460094736,7.290967837613354,112.973,274.859,29.967,7.636,3.143,6.7,-0.5856957398073508,-0.8105309990194823,US-HB4,2023
0.49753057747647483,0.17862563849342467,0.1613744094408674,0.1450955273935598,-0.33114322342954583,0.15716550465120813,303.4200001587895,5.567118845465968,814.33,250.772,30.616,5.502,3.839,5.300000000000001,-0.6913512362094071,-0.722518835873311,US-HB4,2023
0.5155637665847408,0.17460495152844735,0.15723511691252226,0.15992247812795238,-0.33660592073277296,0.14855917130123608,303.423238283,5.791240913604868,130.726,279.346,27.959,10.914,3.453,5.1000000000000005,-0.7839338166829201,-0.620844401650647,US-HB4,2023
0.4335335620299936,0.12125894142042871,0.10707346294476418,0.14863993763415861,-0.29357413961297885,0.040326690040615086,307.38959863889477,3.6399399432309028,1398.103,240.685,26.883,8.69,4.548,4.2,-0.8616928164028521,-0.5074302810827518,US-HB4,2023
0.4941149830997,0.1668359081396465,0.1499286849331195,0.15157033089077798,-0.3437368852510683,0.13211798997519006,305.0854124142105,4.832614154991837,290.042,234.198,28.339,6.292,2.196,5.2,-0.9231578729647039,-0.38442104726885545,US-HB4,2023
0.48912772771513896,0.14429816749745708,0.1283568652184383,0.14123403048064403,-0.3734115345730757,0.08576901608390815,301.78030400647367,3.991313192518747,0.0,263.135,24.096,14.503,1.581,4.800000000000001,-0.9671667297977312,-0.2541427094613622,US-HB4,2023
0.48661207158158415,0.13881114200101632,0.12317946629915519,0.1563649809645425,-0.34147014885446364,0.07477475987345264,302.24077426400004,2.4893391977875248,2.306,227.802,25.395,7.584,2.453,4.6000000000000005,-0.9928872135356962,-0.11905873003404988,US-HB4,2023
0.45603285921110476,0.11198856445155825,0.0983067560302126,0.15089709402134416,-0.34854906998285956,0.022559212898040255,298.87646215194735,2.2239476254391497,0.461,225.316,22.757,7.459,3.212,4.6000000000000005,-0.9999994220246925,0.001075151282798226,US-HB4,2023
0.3833435961368006,0.13352665442667694,0.11913364174311508,0.20917374695795002,-0.14474794038631808,0.06428930096168735,298.96427828157897,1.9747713673498146,0.0,233.719,23.192,7.969,2.751,4.9,-0.999832969770105,0.018276557681691223,US-HB4,2023
0.44346502213695815,0.11196872771402488,0.09836050888382636,0.1491908851282083,-0.3596790192243047,0.022521500428546764,297.4097358012105,3.7042820967725096,0.0,224.777,18.265,10.753,2.079,3.9000000000000004,-0.9903973200352558,0.1382503109109819,US-HB4,2023
0.4110051097103783,0.1493256206788897,0.13397350955510084,0.15354736297821997,-0.30640440693258825,0.09593991858468166,293.2736292284246,2.55725655259864,0.0,202.637,21.604,10.479,3.104,4.9,-0.9878726596350429,0.15526624985999563,US-HB4,2023
0.43228211516483783,0.10855115695684604,0.09526441424653055,0.15397149122876388,-0.35183863459523695,0.016043453781789584,294.31261391047366,2.4163398640311113,0.0,198.427,15.535,6.973,1.976,3.5,-0.9620675724981452,0.27281126433401914,US-HB4,2023
0.426794776269746,0.11379864597785024,0.10016251012599402,0.13467194584098038,-0.34342796214987614,0.02600589487378321,295.67298587047367,2.302324502404759,0.0,201.965,17.68,8.278,1.515,3.2,-0.957232443323312,0.28931997761869527,US-HB4,2023
0.4226222614316556,0.12207156895482159,0.10791727169420307,0.12417815999395194,-0.37393780706158647,0.04189794263573247,297.9377839120527,1.3267899995021142,0.0,161.911,21.01,4.288,3.092,3.6,-0.9155458729775467,0.40221356823680365,US-HB4,2023
0.42002288406984384,0.12707171648067625,0.11264067798892574,0.10241961428799176,-0.377245794285898,0.05161571385768372,298.59286543463156,1.4324590214079813,3.919,148.073,22.125,4.819,2.666,3.5,-0.9084917035725082,0.41790288888678667,US-HB4,2023
0.3860807387408683,0.10294963775196006,0.09037204307209273,0.057634911389363705,-0.3978595075365668,0.005507609624923943,288.1627953942105,1.856829905604732,0.0,185.283,10.148,5.771,3.894,2.6,-0.8517119107469189,0.5240103253675756,US-HB4,2023
0.37114936178681435,0.10590194796765628,0.093214746136523,0.05072007384813701,-0.37229259218237265,0.0110479899440197,288.44404447147366,1.4258497344711776,0.0,179.168,13.423,4.884,3.565,2.8000000000000003,-0.8425720899866032,0.5385835804920232,US-HB4,2023
0.3446994135428824,0.08735304985680489,0.0762821470121563,0.04589143228235863,-0.37053978164947615,0.0,296.5872882308948,1.0666980910633144,1286.282,145.561,19.841,3.891,2.315,2.8000000000000003,-0.6772399381909491,0.7357622347736527,US-HB4,2023
0.3288762992150338,0.08752247775094868,0.0765351921920807,0.019139317193318045,-0.36085799593014983,0.0,291.69970852147367,1.977106228994899,0.0,151.667,16.097,5.709,3.414,2.4000000000000004,-0.6644834655228552,0.7473029667054297,US-HB4,2023
0.2896849542273444,0.09636627040166008,0.08504669333474747,-0.027600535156780546,-0.35458023070682054,0.0,286.2083075687533,1.4175296208149422,0.0,131.302,13.361,4.973,2.311,2.6,-0.4363729641045924,0.8997658785476209,US-HB4,2023
0.29153705350833004,0.08059457565302117,0.07043380447708343,-0.06850849001589183,-0.4328996757946479,0.0,285.04899716378947,1.197248252059957,0.0,136.59,8.046,3.173,2.898,2.2,-0.3251276029999093,0.9456701548465688,US-HB4,2023
0.20999580836915907,0.04986849127846866,0.04308144206294163,-0.026638872974524646,-0.29698474771568345,0.0,281.7972278576316,0.9065126338207525,0.0,139.37,4.719,3.17,2.728,2.2,-0.19232150523909483,0.9813319716704275,US-HB4,2023
0.23115550270249918,0.059426693188284786,0.05156283116483524,-0.05215661466293553,-0.3313058042492099,0.0,283.03157382231575,0.7440462682586374,0.0,137.247,7.517,4.241,1.967,2.3000000000000003,-0.17541259380427843,0.9844950085880858,US-HB4,2023
0.2538193717616988,0.07678469937018387,0.06722537049922224,-0.05753497959932006,-0.3606440836952576,0.0,286.1643420637368,2.9185162957329354,0.461,135.992,9.865,3.057,4.185,2.3000000000000003,-0.03869579017652689,0.9992510374388481,US-HB4,2023
0.3956292809341005,0.1746423822417631,0.15903636494144907,0.0003365063649697289,-0.44242836827745513,0.14863898220711294,284.49589903767315,1.3524968646195648,0.0,163.565,9.415,3.866,1.882,1.7000000000000002,-0.46706492487743034,0.8842230238742036,US-LA3,2019
0.4196657767008695,0.16313560410097336,0.1472775342271548,-0.037703383630661454,-0.48510148431861255,0.12437289533376432,289.91798653700835,1.7074981222797831,0.035,135.103,14.25,4.202,3.608,2.3000000000000003,0.06875540848113941,0.9976335468520451,US-LA3,2020
0.4568212747745548,0.1697622857854806,0.15323267977281757,-0.09303358629642063,-0.5726450962434922,0.138282073694464,284.40074363324095,1.8842479733410007,0.0,177.593,7.435,4.625,5.158,2.5,0.3373010691361842,0.9413968285264122,US-LA3,2020
0.4913477255488423,0.20046691172841394,0.18308985576971112,-0.01041823404595154,-0.5267677788411155,0.2051323968717246,284.93041364664816,3.8501275850281775,0.018,224.354,8.325,3.701,5.591,2.8000000000000003,0.7799125224167177,0.6258885343075018,US-LA3,2020
0.47484607386654487,0.22188254633622928,0.20510492674562178,0.009939449039491672,-0.47950556746793516,0.25428934406882464,294.2575369208864,3.0113977729930075,0.0,187.22,16.399,5.599,3.148,3.4000000000000004,0.9206588168102428,0.3903682146763026,US-LA3,2020
0.5318355490755539,0.2468497953011187,0.2295883266329925,0.060422727707057505,-0.48942859511947634,0.31452061736005094,302.7315233499446,2.7521221228883332,0.163,231.145,24.408,5.334,3.782,5.300000000000001,0.992098522791769,0.12546123335273648,US-LA3,2020
0.5091096542278349,0.2354056290731644,0.21825109371716245,0.09909693884948281,-0.4146582408104143,0.28650220662972586,303.6460946072299,2.8913660944786805,0.076,251.916,25.306,5.021,2.866,5.2,0.9888537064205885,-0.1488903868564548,US-LA3,2020
0.4619073059428821,0.20380817257156,0.18698239347306758,0.0822741108420832,-0.3928134394327669,0.21265855410172124,301.29788903257145,3.882217092580585,0.053,286.39,24.705,8.891,2.818,5.7,0.9111686353326631,-0.41203363695942635,US-LA3,2020
0.5236739838222411,0.2484569860097757,0.2314461402376564,0.09317838181791925,-0.46978750396668667,0.31851329084617624,300.5920937372299,5.3452355730545325,0.0,328.471,21.547,10.697,2.527,6.2,0.7648913904341226,-0.6441592666722685,US-LA3,2020
0.5089139796142967,0.2420509491526796,0.22513204374962237,0.06123596951404923,-0.4555918065569519,0.30268465575744946,311.8548819226421,5.007249585582177,1.049,252.483,29.51,7.127,2.442,6.300000000000001,-0.2280577712215198,-0.9736476020539838,US-LA3,2020
0.5560283904968661,0.26845376749054733,0.25162125150335457,0.12614226624086436,-0.44386286514507217,0.36944294483951806,308.16020533007736,3.0944031531001275,1.905,249.642,29.245,7.473,2.059,4.800000000000001,-0.7036774074790128,-0.7105196029692745,US-LA3,2020
0.5513362333769316,0.27284166440548,0.2563772410800154,0.14326756494102294,-0.42816815560122884,0.38094141264162984,301.2671100803324,3.0416518368955496,0.012,319.431,23.535,8.204,2.949,6.2,0.5322271388474397,-0.8466016020976267,US-LA3,2021
0.5451606945111918,0.27891090024844456,0.26299658860194824,0.13873800007113318,-0.40968672975426823,0.39704676723287047,305.59223908050706,4.156710408849352,0.337,267.922,29.07,9.53,1.401,6.7,0.2821076626819194,-0.9593827529490743,US-LA3,2021
0.5815291324968463,0.30021584568257376,0.28483766848718534,0.17529917770422968,-0.4281694933460539,0.4555268147851136,307.7046021803009,3.4071059453260957,2.759,206.625,28.008,6.889,1.773,5.300000000000001,-0.2614143985111562,-0.965226663665613,US-LA3,2021
0.5931736006448014,0.27776447281222516,0.2605588017908099,0.16405058913055193,-0.46210373957024664,0.393986464789682,306.40648661241,5.152261492331928,2.114,236.002,30.023,8.903,2.305,5.800000000000001,-0.7277014757264236,-0.6858939875998223,US-LA3,2021
0.5345500562395739,0.24340061877016816,0.22595521707395066,0.11625978988987684,-0.4857843498915654,0.30600064066792,291.66425390182826,2.743271225677769,0.009,175.506,15.369,4.874,3.24,2.7,-0.8136678304455991,0.5813300798152042,US-LA3,2021
0.3971517780274673,0.16616026265335018,0.15060713107568272,-0.07722496450882983,-0.5101162396465795,0.13069971880996864,297.54446023135733,1.2895191638196297,0.006,130.635,21.302,2.331,2.768,2.9000000000000004,-0.2593382659754056,0.9657865518844574,US-LA3,2021
0.4070500354517188,0.16463185750225529,0.14893837828626344,-0.09917871694213402,-0.5504227829242717,0.1274981277422553,293.68758445293633,0.6588816374760349,0.0,111.265,18.585,4.394,3.068,2.7,-0.12439450483979998,0.9922328391893008,US-LA3,2021
0.440392778722209,0.18063033841757503,0.16417885796048323,-0.013618687094298273,-0.48115692640744456,0.16148190471267984,295.78549601108034,1.8294551045049432,1.944,106.605,19.779,3.975,4.887,3.1,0.20496611396949532,0.9787690698649216,US-LA3,2023
0.32311049555091914,0.14023844680483313,0.12649477882099522,0.013804116464438623,-0.33269922268171137,0.0776240574987722,285.0310416703601,2.851167602869869,0.0,81.634,14.094,5.54,3.769,2.3000000000000003,0.3373010691361842,0.9413968285264122,US-LA3,2023
0.4471546929214011,0.17481183953644144,0.15832404229194325,-0.048609159854595636,-0.5260465980470852,0.1490003767476611,291.672803685928,2.2230351936689163,0.0,170.568,14.657,4.149,3.379,3.4000000000000004,0.4632579225674917,0.88622350294858,US-LA3,2023
0.45131338657169323,0.17436235151456483,0.15782008766376177,-0.04278306470658147,-0.514439752406482,0.14804203265460378,293.0422367127978,2.0177363688574124,0.007,172.197,14.596,3.744,1.519,2.3000000000000003,0.580454927809098,0.8142923779467267,US-LA3,2023
0.46256164663956767,0.18073438738804073,0.1639303205990169,-0.01461802927012783,-0.49209902708301956,0.16170640023385138,290.3211045966205,2.002956247410779,0.0,208.529,12.632,3.935,1.851,2.9000000000000004,0.6866759803451553,0.726963615332308,US-LA3,2023
0.5630115650037593,0.27135995192235357,0.2545156742987565,0.18601981191670708,-0.3855766748664145,0.3770451208718263,303.7053465993629,5.073622740981508,0.0,314.299,23.396,8.513,1.978,6.300000000000001,0.8460288880917339,-0.533137056031809,US-LA3,2023
0.5701326750650995,0.2973971216862669,0.2821247349115433,0.20701639397564206,-0.3667460453253183,0.44760870732830704,302.2855526136931,4.97687362835628,0.554,263.337,26.455,5.372,3.765,6.800000000000001,0.7648913904341226,-0.6441592666722685,US-LA3,2023
0.533103309570024,0.25566967474655306,0.23875128299360887,0.20448767202093474,-0.3270266242678086,0.3366122793487361,299.89173704109794,4.5470856748812905,0.614,283.788,27.851,10.537,1.609,6.0,0.6692903895412567,-0.7430009249440493,US-LA3,2023
0.5628608091643255,0.26732592334622507,0.2502686697908656,0.18821587784587787,-0.3757728198588806,0.36650676836169077,304.265660440277,5.2948068923078635,0.086,294.567,24.96,11.422,1.677,6.2,0.5610336262283677,-0.8277930117131022,US-LA3,2023
0.5641770013962331,0.2693355820119078,0.25235261144221327,0.179995089977648,-0.40884805348583625,0.37174409669524233,307.9988957362327,3.6949465807270703,0.067,280.576,29.293,10.295,3.066,7.6000000000000005,0.31494162072895193,-0.9491110448902284,US-LA3,2023
0.5206580445418794,0.24317074444363584,0.2260230976274785,0.14799270961226493,-0.38257769123707286,0.305435158109585,307.2983761958982,5.253927813876327,0.173,281.503,31.263,10.725,1.388,6.800000000000001,0.04514101777397193,-0.9989806246941579,US-LA3,2023
0.5089258508796896,0.23423889769730577,0.2170523161181169,0.1418458784491326,-0.3779926601152253,0.2836854539858581,307.12586620401663,6.2062030166368185,2.095,232.55,30.299,7.849,1.85,6.4,-0.48408852163897587,-0.8750190302029955,US-LA3,2023
0.524493480989897,0.2721159486747246,0.2563384366244558,0.16068848133098537,-0.39903413776975094,0.37903135387745507,307.36241496487537,5.3858592028379055,0.245,254.969,31.687,12.66,2.679,6.7,-0.5995514915196489,-0.8003361849976323,US-LA3,2023
0.458014196151928,0.20473853866283206,0.18800055129743798,0.15610518588054056,-0.3290861248539182,0.21476340184783177,303.377093251134,5.042924938828476,0.221,244.213,28.99,9.671,2.41,4.7,-0.7036774074790128,-0.7105196029692745,US-LA3,2023
0.5073889740485601,0.22230183585431768,0.2048524993242787,0.06889434376634786,-0.44931701578058936,0.25527406314007806,308.13241628481995,4.686248831236642,0.014,250.547,28.849,9.324,1.373,5.6000000000000005,-0.9296339319682695,-0.3684843993077793,US-LA3,2023
0.496805803885808,0.21034260563619353,0.19292225264742738,0.07688542943289424,-0.43706900931627823,0.22752796658141278,306.47454876412746,2.2195768884041893,0.0,246.631,29.159,16.536,2.232,5.5,-0.97139528468375,-0.23746831555846842,US-LA3,2023
0.5126013491227049,0.20426175369131772,0.1865422843872632,0.07555690987306042,-0.4800488291261283,0.21368422629892223,298.59507057828256,2.722429417486294,0.038,180.405,20.949,4.782,1.708,3.7,-0.9521140536681102,0.3057430764672831,US-LA3,2023
0.5219661875329117,0.2144793936077232,0.19665516563455857,0.03299204689292934,-0.5400000694393122,0.23704650504609723,296.44902269415513,1.9213252229958369,0.0,187.616,19.325,4.553,2.299,3.2,-0.8331829385891785,0.5529974600700271,US-LA3,2023
0.46397675200857647,0.1736884510482204,0.1569787596952313,-0.03197878761245534,-0.5200734477833914,0.14660678745042946,286.8888112859556,1.1998981380395788,0.0,162.694,10.619,5.12,3.267,2.3000000000000003,-0.5412984521036173,0.8408305333122887,US-LA3,2023
0.4234814352706637,0.15251692962420602,0.1368997812445261,-0.10103675661199575,-0.5449985373616832,0.10244535644973028,286.8093068152077,1.006214237017688,0.0,157.333,8.766,3.321,2.285,1.9000000000000001,-0.021501372740813793,0.999768818762748,US-LA3,2023
0.230001273702013,0.07822358514242415,0.06878096813655452,0.24311954427405338,0.03123429218029001,0.0,289.4566028526531,2.8975937067529367,0.0,200.168,10.423,3.099,2.155,2.4000000000000004,0.8211001178128892,0.5707841943569036,US-EDN,2018
-0.12368082803531032,-0.025289632835572614,-0.021385784092693306,0.3190625346011185,0.4936583105133929,0.0,294.1180380738775,3.950511527480298,0.0,268.532,17.834,6.865,2.308,4.9,0.998376906467142,0.056952196034039754,US-EDN,2018
0.22292481722822044,0.09268948129736986,0.0824527735621587,0.06163024293689538,-0.15264213793873216,0.0,298.862765204,4.341729892791725,0.0,286.949,15.233,4.036,2.07,4.6000000000000005,0.9762766110869321,-0.21652708524481437,US-EDN,2018
0.2708563198377901,0.11806295231758057,0.10592064937157968,0.11060502501214914,-0.15528559189251046,0.03416880008340104,302.696934997551,5.436593758149444,0.0,340.505,15.796,5.206,2.709,5.6000000000000005,0.5027907197793043,-0.8644081744776648,US-EDN,2018
0.27539103880962296,0.11330611931831415,0.10126547038592029,0.11822562176974714,-0.1268059226387901,0.025066975006588155,304.40147289428575,5.930554289333794,0.044,309.611,16.104,4.331,3.593,5.4,0.24893980855376657,-0.9685189578512204,US-EDN,2018
0.2875347110256368,0.12123213877001143,0.10868355027468267,0.10160329679051597,-0.17678106249116235,0.04027490413988165,305.27288197959183,5.702634244312192,0.0,339.193,17.26,5.335,3.963,5.800000000000001,-0.023651127245231586,-0.9997202729664083,US-EDN,2018
0.2919385115802442,0.12187166545649007,0.10922542174199372,0.06667904686097746,-0.21311417891952125,0.041511211650253746,305.34188568040815,5.138682988088377,0.0,310.453,19.427,7.316,2.37,5.9,-0.5431052396834317,-0.8396646346181327,US-EDN,2018
0.3103169294085784,0.11736691685044956,0.10462828607909684,0.11716524930156404,-0.15601511775176896,0.032832273446218245,301.56855164344034,3.7642933939755028,0.0,280.526,17.485,5.054,2.995,4.6000000000000005,-0.7508642533989489,-0.6604565640279754,US-EDN,2018
0.27752282469159184,0.0912323356026628,0.08038046130882379,0.26016137771548575,0.03795858307176171,0.0,299.2800930906123,3.9483403116228373,0.0,259.95,17.325,4.572,2.448,4.3,-0.9020987014301837,-0.43152975897147144,US-EDN,2018
0.15280224572631218,0.045058055293615965,0.039112950994002145,0.18309912145772245,0.0695558697007606,0.0,298.6712945237528,3.3221356404806666,0.0,243.822,18.535,6.848,2.331,4.7,-0.9854237542919524,-0.17011767832049052,US-EDN,2018
0.04761354988363362,0.011330091214915287,0.009698158366973512,0.16976490355072563,0.15664967218696257,0.0,294.67494281551024,2.187199592650875,0.0,213.45,18.108,7.748,4.705,6.9,-0.9945667569706337,0.1041007489354256,US-EDN,2018
0.1892062135077052,0.05845803869163283,0.05098576901038402,0.1765111117818121,0.016058354336937728,0.0,290.02731918530617,2.668323400339453,0.0,157.081,14.396,6.181,3.507,4.6000000000000005,-0.7931896839451843,0.6089746507720486,US-EDN,2018
0.2459889553747531,0.053623184473553284,0.04627368808742139,0.28157310195156354,0.12623298428511445,0.0,290.20001057673466,1.2682927604242293,1.521,97.059,14.273,2.406,1.977,0.6000000000000001,-0.5978291414589552,0.801623551065242,US-EDN,2018
0.34836692288734755,0.11615875027926288,0.10302666306257463,0.15278427491323907,-0.16596797840465902,0.030516205783595533,286.5786455138776,0.8442055838609815,0.0,112.889,11.266,2.838,1.965,1.3,-0.09019000427034513,0.9959245770286599,US-EDN,2018
0.3085032062511776,0.10360041443178743,0.0916255161515005,0.27790342625016423,0.011837998179205894,0.006726475897404105,294.86130628693877,3.9829353577722735,0.0,235.017,13.741,4.502,1.931,3.4000000000000004,0.9608854255574977,0.27694620226893646,US-EDN,2019
-0.006361760873958806,-0.0014723154753359636,-0.0012555558167041542,0.3569843633883501,0.412118687212184,0.0,293.3544012518367,3.930671302777729,0.0,287.513,14.705,3.867,1.97,4.1000000000000005,0.9638074231367307,-0.26659942067929354,US-EDN,2019
0.25034928177494586,0.09872359764430803,0.08775148696525599,0.15054385649611374,-0.07685697926090573,0.0,300.62570788489796,4.663664391116499,0.0,311.611,15.979,5.759,2.06,4.6000000000000005,0.8550745085896932,-0.518505144391157,US-EDN,2019
0.26285979425519557,0.1237066008194284,0.11155915141332355,0.27633588513304624,0.042557544723109186,0.045066175708747144,294.6806395155102,3.26298000539794,10.992,230.983,12.877,2.815,3.263,3.0,0.6819721490904629,-0.7313781428679254,US-EDN,2019
0.28310522992870335,0.12116266892892857,0.10869364363264875,0.1389552583645013,-0.12127266497714144,0.040140691523205665,305.2306953971429,6.005883649360053,0.0,336.556,19.121,5.232,2.244,5.9,0.4575313760742512,-0.8891934772070711,US-EDN,2019
0.28301140438636974,0.1214400026558337,0.10896318608399834,0.13547155923586648,-0.12743184147025557,0.040676585771740235,304.9272059241364,5.843676178814244,0.002,328.443,16.932,4.524,3.86,5.300000000000001,0.19864794288017112,-0.9800709131432666,US-EDN,2019
0.29754638796022825,0.12409334981815563,0.11127380565740864,0.15418300445120994,-0.11705122341247444,0.04581692451231738,303.2540300167143,6.051204603913314,0.0,338.04,17.297,5.073,3.257,5.300000000000001,-0.07518957641475855,-0.9971692572470178,US-EDN,2019
0.33206916616940946,0.14255720804881072,0.1285958159054874,0.12056643079576738,-0.19242309781590264,0.08226875852241239,306.2029864514286,5.045041374860685,0.0,322.456,19.832,6.307,2.244,6.2,-0.34336687399638804,-0.939201357453208,US-EDN,2019
0.3298567390366827,0.13436048802633938,0.1206650653412439,0.11192999393588052,-0.1954085437785312,0.06593715679655994,302.9812847772998,5.670240963885814,0.0,302.521,17.449,4.632,3.204,4.800000000000001,-0.5856957398073508,-0.8105309990194823,US-EDN,2019
0.3330176357050952,0.13681838526495943,0.12299503032216269,0.1051310674982372,-0.21061261519284827,0.07080898027712118,304.7825084934693,4.818354304647049,0.0,271.674,19.781,6.018,2.68,5.2,-0.7839338166829201,-0.620844401650647,US-EDN,2019
0.30249054160681405,0.10733052459145659,0.09520445471334363,0.1937813869427669,-0.0898160472302166,0.013738954800880093,300.35094590447756,3.952358305466414,0.001,262.524,16.799,4.104,3.205,3.8000000000000003,-0.9231578729647039,-0.38442104726885545,US-EDN,2019
0.2928273283142133,0.0942014668304702,0.08299542213003072,0.22121398084711003,-0.051256615192488315,0.0,301.87418425591835,4.26930574900039,0.0,234.528,21.327,9.683,2.368,6.1000000000000005,-0.9928872135356962,-0.11905873003404988,US-EDN,2019
0.12496778642223824,0.03764047671423702,0.032636727995498105,0.10716737386270057,-0.0025240876915675354,0.0,293.68870955477274,3.5141732248633293,0.0,216.291,15.917,7.91,3.466,6.300000000000001,-0.9878726596350429,0.15526624985999563,US-EDN,2019
-0.04196128874562705,-0.009850633220086124,-0.008386461487759088,0.09742117576040456,0.1815046663371821,0.0,293.8205153216327,2.1074071938895886,0.0,173.069,17.688,7.063,2.092,3.2,-0.9084917035725082,0.41790288888678667,US-EDN,2019
0.05265050943928744,0.011498686225621849,0.009823127897649563,0.06334333271904119,0.05713811359887075,0.0,290.11717978367346,0.857166105293113,0.0,135.351,15.639,5.059,1.878,2.3000000000000003,-0.7607200913564104,0.6490800741100398,US-EDN,2019
0.30288297513429796,0.10123901380933806,0.08946988355313307,0.11168544145676232,-0.16247634078036163,0.002310144556905107,288.2051657477551,1.7831787429149806,0.888,103.308,11.026,2.786,3.112,1.1,0.23851257519407648,0.9711394088771653,US-EDN,2020
0.29913070253979673,0.0960380065558498,0.08464611876030136,0.13895484989476434,-0.13147205623813915,0.0,292.2608208665306,2.679710750104082,0.0,164.503,12.254,3.112,1.977,2.1,0.7112757519738152,0.7029130847082615,US-EDN,2020
0.23459770061369456,0.0922240795974014,0.08183123798516151,0.011788586906088003,-0.22103171007528477,0.0,291.37457710938776,4.55369443456322,0.0,213.363,13.601,6.014,5.4,5.9,0.8755389928586302,0.4831474640149687,US-EDN,2020
0.20879002261218338,0.09061353912214382,0.08072123464828514,0.02366636230085093,-0.19208236481132676,0.0,296.94291146938775,3.792512665048593,0.0,274.661,11.149,3.231,2.834,3.8000000000000003,0.9989315138848577,-0.046215046983708354,US-EDN,2020
0.12296803738332235,0.04337778177593131,0.03786721466285408,0.1185979003118838,0.0408966910930967,0.0,295.90674761959184,4.416849459834191,0.002,271.687,13.722,3.373,2.619,4.0,0.9487718864399473,-0.31596187665790293,US-EDN,2020
0.12273578350638828,0.04042400389026492,0.035177053448416894,0.15809750872031816,0.060266529299938164,0.0,297.0385649530296,4.777000167212409,0.004,306.979,15.028,4.141,3.157,5.300000000000001,0.8271893372462497,-0.5619233046832195,US-EDN,2020
0.2660154266899303,0.1099592321457405,0.09821220547880495,0.06209398377610398,-0.18735382843012924,0.01870785321493293,302.91998986734694,5.558526229576148,0.0,320.786,15.539,3.671,2.634,5.6000000000000005,0.6433365204044917,-0.765583517007675,US-EDN,2020
0.289606623820646,0.12050691949869115,0.10794963519928306,0.06683389055218839,-0.2080012658533312,0.03887462001729461,306.2314079465306,5.113900178429051,0.003,330.601,18.823,6.011,2.586,6.2,0.14782713347053048,-0.9890132145779883,US-EDN,2020
0.2698568402006391,0.11387250919616265,0.10190126618267402,0.07791593372841685,-0.183997764786388,0.026146771971926587,305.3557515257143,4.7197236049190865,0.0,334.22,18.0,5.424,2.897,6.2,-0.12652781683868314,-0.9919630595773397,US-EDN,2020
0.28554017485796807,0.116163192648621,0.10384174491629249,0.08664825306165666,-0.18286247493711816,0.030524712915955807,302.5683613680091,4.642079525645317,0.007,299.158,17.037,4.52,3.318,5.0,-0.3913578365610259,-0.9202385798054075,US-EDN,2020
0.2999640700669167,0.12697576397921667,0.11401761661026835,0.05987065847809195,-0.22946589740124626,0.05142841944211697,306.9253977669388,3.907119438437072,0.0,298.942,20.479,7.316,2.36,6.2,-0.6267266965083301,-0.7792391467859886,US-EDN,2020
0.31146364515286096,0.10225766574898416,0.09033600075787265,0.17248491513406355,-0.1070952936959707,0.004213068239564848,301.2813709277551,3.7909681811194615,0.0,224.085,18.563,5.54,2.077,4.7,-0.9977068927101168,-0.06768276175455162,US-EDN,2020
0.2975541737749327,0.10359292293491823,0.0917387849693229,0.12766999474712645,-0.15496574174707156,0.006712437071731536,298.9804931742857,2.786539879534085,0.0,199.59,19.09,7.569,1.983,4.7,-0.9785481345802031,0.20601832032517084,US-EDN,2020
0.032473529669357036,0.009060698412008818,0.007784233245480668,0.10253632200821299,0.11817197498644137,0.0,291.3204288720787,1.7635010108459064,0.0,169.535,15.945,6.812,1.783,2.7,-0.8857249183835637,0.4642104791518923,US-EDN,2020
0.022738704796641234,0.0057713729592623894,0.00494155499031117,0.08886506894731212,0.1018920091884252,0.0,285.4103647277551,0.923869410284296,0.0,126.983,11.181,4.329,1.982,1.8,-0.5120551783114646,0.8589525565270845,US-EDN,2020
0.2236602003111521,0.06950929543048974,0.06080006855471383,0.1544579157070739,-0.04251552959948035,0.0,285.24494007604653,0.7653562782530082,0.554,109.024,11.153,2.603,3.491,1.3,0.012901459949419653,0.9999167727021953,US-EDN,2020
0.29458552548465056,0.09617798033144019,0.08482112144090989,0.08784165794745362,-0.18046216013638705,0.0,290.99717654734695,0.7248135903471211,0.0,120.63,13.999,4.409,1.866,2.1,0.2717767384711357,0.9623603298276545,US-EDN,2021
0.3129354211917527,0.10458664513509229,0.09250458859155644,0.08472929813620639,-0.2101114369156881,0.008576208430862904,290.11628846326533,1.8406975568035955,0.085,134.395,12.695,3.389,3.859,2.1,0.5230943033491326,0.8522748088519838,US-EDN,2021
0.28504752476395423,0.1113330115475587,0.09923104045422808,0.049757830003613154,-0.22227611010716164,0.02131359809486401,289.54921491836734,2.798313746175076,0.0,187.383,11.82,4.032,3.097,3.1,0.7350336741329412,0.6780306024735382,US-EDN,2021
0.2457969653518913,0.09649050922149441,0.08570266588440065,0.09728231570938292,-0.14524248790366104,0.0,293.2524186959184,2.5586289511685294,0.199,211.409,12.53,3.737,3.325,2.8000000000000003,0.8916401947968874,0.45274469960737107,US-EDN,2021
0.25619082345617816,0.10755198053695535,0.09607075603623316,0.011066573262803789,-0.24163580652900257,0.01415669496162531,295.4904699865306,3.3973604869107494,0.0,255.968,11.52,3.202,3.083,3.4000000000000004,0.981124629771712,0.19337647441020586,US-EDN,2021
0.22757639437872154,0.09108677737502084,0.08086064975463743,0.11744859034189885,-0.11079786903700492,0.0,297.1167344502041,3.8074051657394268,0.0,270.586,12.421,3.081,2.42,3.8000000000000003,0.9967506498213929,-0.08054900421874167,US-EDN,2021
0.2120062466823638,0.08494887317237189,0.07530050871582401,0.08984674919994072,-0.1171632556376761,0.0,300.4318030677551,5.136589020834736,0.0,332.504,17.439,7.527,3.42,7.0,0.8073707443023492,-0.5900444739548627,US-EDN,2021
0.24646112296893866,0.09612239579957677,0.08534468616376874,0.10345362719871319,-0.13038120386023835,0.0,300.47122248742596,4.218619089652915,0.0,327.263,15.143,4.47,2.65,5.1000000000000005,0.6166212130956382,-0.7872599821916922,US-EDN,2021
0.2831235976644196,0.11862326214430402,0.10624489960713629,0.07259171827864153,-0.20235701085787647,0.03524588870315433,299.1896604881268,5.101142113082815,0.0,344.735,13.935,4.158,4.814,5.1000000000000005,0.37945284372454435,-0.925211078289358,US-EDN,2021
0.3331891214597672,0.13827560734488595,0.12440651235876575,0.12117695407031072,-0.19502819360622178,0.07370758678794866,301.66830138307347,4.692198146182977,0.0,310.444,19.577,6.821,2.329,5.4,-0.16057454459499376,-0.9870237158387383,US-EDN,2021
0.3434998994632696,0.1385064292959824,0.12446305605775744,0.13882692310658348,-0.1903815677803572,0.07416742429574119,305.436288137551,4.797390532293401,0.027,315.397,20.383,7.583,2.379,5.5,-0.4227806579826773,-0.9062320427107697,US-EDN,2021
0.3398353553153441,0.1413318359470394,0.1272662326184277,0.14918718607625905,-0.15763165085493974,0.079811774942814,306.19219463952265,4.023582862170782,0.0,271.063,19.544,6.683,2.152,5.800000000000001,-0.65316012232693,-0.7572198192083127,US-EDN,2021
0.3347255179038786,0.1387897737955377,0.1248803106409799,0.14374760194744943,-0.15362864762911407,0.07473215906795228,305.598454197551,4.594777113302738,0.0,285.534,22.285,9.693,2.327,6.9,-0.8343701235229537,-0.5512045872199277,US-EDN,2021
0.37677752993544505,0.14723107643091646,0.13241590504372727,0.14452127340225146,-0.22720445389914037,0.091691057869781,303.01095105265307,3.8964433033501997,0.0,258.216,18.928,6.167,2.076,5.1000000000000005,-0.9527692922168511,-0.30369503751065885,US-EDN,2021
0.33646691814485824,0.13371929431229418,0.11994181982033789,0.07592567865265447,-0.2663518132883886,0.06466978429288171,299.43642293959186,3.694992299950038,0.0,227.341,16.253,5.252,1.938,4.4,-0.9994446170919858,-0.033323525711631344,US-EDN,2021
0.26995258070364603,0.09272019602256827,0.08184885652611994,0.11921151418244379,-0.15154464224798542,0.0,295.5471579644898,2.347637763484931,0.0,198.15,16.978,7.8,2.016,4.2,-0.9708824104813836,0.23955655912092708,US-EDN,2021
0.2637972269881315,0.0840070041894997,0.07380276229271886,0.08372260819744187,-0.17065435513650692,0.0,291.5167078367347,1.6092588608049456,0.017,134.771,14.341,3.368,1.63,1.6,-0.8692328164574792,0.49440298420761813,US-EDN,2021
0.36003335286724736,0.12373460023393247,0.11007307179061473,0.07837996300405888,-0.2510269679209915,0.04512051034885933,291.1492513102041,1.3847934940504405,0.0,133.465,13.194,3.346,2.488,2.7,-0.6383844591746642,0.769717664006921,US-EDN,2021
-0.2791751633582529,-0.045425371954861606,-0.03807041301449228,0.1341888645273402,0.48163507941055855,0.0,287.6797284918367,1.0612299232968738,0.0,116.198,13.994,3.907,1.488,1.2000000000000002,-0.4822058478963526,0.8760579434344281,US-EDN,2021
0.3283093414123323,0.1065354178101276,0.09417658374248933,0.09530300416370242,-0.20946947103397284,0.012240424086589907,287.4649745277551,0.8593316415915966,0.0,117.427,10.545,3.147,1.626,1.2000000000000002,-0.3574644155648614,0.9339267592294762,US-EDN,2021
0.2628611665863965,0.08025568371655814,0.07034477310326344,0.09461703719165059,-0.15390176052089405,0.0,284.63583054489794,2.8488105478913988,0.0,154.783,9.09,3.715,2.983,2.2,0.49346814167723735,0.8697638720650646,US-EDN,2023
0.26207100650988163,0.10472256371882865,0.09327525167131749,0.06763566731144205,-0.18343580766236633,0.008831375863339033,283.22083029727503,2.482291516910295,0.0,134.291,10.78,3.131,1.933,1.5,0.6081214998935418,0.7938439653781019,US-EDN,2023
0.2893433760765167,0.09384280143393323,0.08269513437582195,0.07874800694857104,-0.1934675152049222,0.0,286.9938923155102,2.753420123761989,0.0,185.754,9.683,3.931,3.097,2.2,0.7112757519738152,0.7029130847082615,US-EDN,2023
0.29851756013612496,0.11769049507594737,0.10510550997893228,0.051789964816480266,-0.2381297546959863,0.03345340586063088,295.7803428844898,3.324885044935181,0.0,263.209,11.402,4.009,2.4,2.6,0.9958270335100595,0.09126072172931188,US-EDN,2023
0.26963679283120306,0.10279831241363123,0.09133837912082463,0.08066037100021307,-0.16853016956932174,0.005224379833627988,292.0928883510204,3.768806218737925,0.0,273.681,10.035,3.238,2.709,3.0,0.9989315138848577,-0.046215046983708354,US-EDN,2023
0.3146273028951258,0.12469012647112913,0.11157658650373524,0.09748441905467026,-0.20220243603923177,0.046976381728233416,294.07481290938773,4.706631629525585,0.0,296.446,11.475,3.354,3.664,3.2,0.9831469737221499,-0.1828169249850199,US-EDN,2023
0.287400201122643,0.11308334363404353,0.10086638045760704,0.11104900806900485,-0.1635970967522338,0.024642553697255917,296.45761463428573,4.193987080128028,0.0,298.684,13.633,4.394,2.006,4.5,0.9487718864399473,-0.31596187665790293,US-EDN,2023
0.27917098462139056,0.12607601931054835,0.11353027847932358,0.055564522421444495,-0.2166258143505296,0.04967371483271165,302.3230633403439,3.1769126376930434,0.0,299.116,17.707,5.195,1.763,4.6000000000000005,0.8964562582905575,-0.44313223418263453,US-EDN,2023
0.3124848238566337,0.11768758067245905,0.10490461252465925,0.21038597995252326,-0.07852167097925906,0.03344780987976047,303.65579424081636,5.244704249761549,0.0,313.866,17.414,4.711,2.792,4.800000000000001,0.742280907086982,-0.6700888411055113,US-EDN,2023
0.30137858784859434,0.12149850092403411,0.10871343889803736,0.1339301786216483,-0.15377803953924654,0.04078965584133349,303.9314137628571,4.6825874448609905,0.001,321.35,16.967,4.767,3.102,5.0,0.6433365204044917,-0.765583517007675,US-EDN,2023
0.2993966739577161,0.12495186986231707,0.1120712910796242,0.12384520464380143,-0.1515917110506193,0.047485300326437586,301.490991365,5.019121058322246,0.001,308.792,15.048,4.049,3.475,4.2,0.5322271388474397,-0.8466016020976267,US-EDN,2023
0.29843947057104203,0.10971077710304188,0.09750619899158948,0.19388163354893032,-0.06993928131951495,0.01823724997999446,301.1022852812245,4.995823539995731,0.001,334.385,17.212,4.888,2.856,5.1000000000000005,0.2821076626819194,-0.9593827529490743,US-EDN,2023
0.33473336724906044,0.12960418454276076,0.11600300935130992,0.1645974340799425,-0.14531280300973515,0.05657053794391405,304.82881840163265,4.7465246948840205,0.0,333.528,22.855,10.097,2.162,6.800000000000001,0.01075130776352193,-0.9999422030204416,US-EDN,2023
0.37587703247649207,0.1483199805729824,0.1334870641334695,0.17346391390147178,-0.18207297780156656,0.09389788995384118,306.2007310232653,5.365549608491701,0.0,330.432,21.174,8.223,3.518,6.300000000000001,-0.2614143985111562,-0.965226663665613,US-EDN,2023
0.38534998540279175,0.16216461952410988,0.14687560407012343,0.14257962534457516,-0.23258174271856358,0.12234953978959258,305.59426886693876,4.355324348730456,0.003,311.959,19.112,6.4,2.19,5.800000000000001,-0.3913578365610259,-0.9202385798054075,US-EDN,2023
0.3555619029698274,0.1359193516394618,0.1217838273781674,0.15441707280316025,-0.18569241224709893,0.0690244902081675,300.9054507326531,4.852388087411249,0.049,285.137,16.469,3.996,3.83,4.5,-0.5139010013093103,-0.8578494977869301,US-EDN,2023
0.3761342689969418,0.13997297660925312,0.1254068138275175,0.1620177710225733,-0.1987122271676171,0.07709354554124705,304.3615959942857,4.26374379933552,0.024,256.112,18.064,4.648,2.924,5.300000000000001,-0.6267266965083301,-0.7792391467859886,US-EDN,2023
0.3925222125056935,0.14634426996122538,0.13133481047298493,0.17232391974908284,-0.20718966173613798,0.08989707645145881,304.08903796408157,3.245447968342905,0.018,274.074,19.577,5.626,2.317,4.7,-0.7277014757264236,-0.6858939875998223,US-EDN,2023
0.35964357901287847,0.12775029521297923,0.11389961420880179,0.12953040947182795,-0.2270108205692869,0.052941177051550034,302.5834350318367,3.4617431901729594,0.392,166.896,17.683,4.214,3.135,3.7,-0.886721063082993,-0.46230483047981086,US-EDN,2023
0.28877484656271546,0.09582701959581927,0.08455218485673432,0.12388766040056401,-0.16656117873116683,0.0,300.5317627138776,2.71308056682212,0.0,261.629,17.301,4.418,2.438,4.800000000000001,-0.9417589340994617,-0.33628873017668287,US-EDN,2023
0.33700672461669917,0.1257442395756972,0.11226992740645611,0.1273774918586224,-0.21190486530374672,0.0490273761112384,300.4484823853061,2.1078420812414165,0.0,225.51,17.263,4.543,2.066,3.9000000000000004,-0.9789888737409319,-0.20391367068311472,US-EDN,2023
0.24264694367826323,0.07392008348542618,0.06468639108338195,0.0957163442712944,-0.15212494991478828,0.0,297.72527377061226,2.6424397756895073,0.002,226.965,16.56,4.297,2.774,4.2,-0.9977068927101168,-0.06768276175455162,US-EDN,2023
0.35083251802144166,0.12373915972032208,0.11018341986785142,0.09270121707987639,-0.26879977704888486,0.04512935857581753,302.79728992489794,3.2841861602239892,0.0,212.428,21.785,9.492,2.117,5.4,-0.9975590477788613,0.06982797572987089,US-EDN,2023
0.2253013206946116,0.06708735453154105,0.05856684643729011,0.015339637942621526,-0.20625141207521688,0.0,291.4820626,2.334262240476559,0.0,173.888,14.155,5.781,3.112,4.5,-0.8857249183835637,0.4642104791518923,US-EDN,2023
0.24991668870436035,0.09324306343253999,0.08258026992228608,-0.007988890387862515,-0.2548058224574383,0.0,284.9795533030915,1.0828420508736916,0.0,116.189,13.224,3.9,2.078,1.9000000000000001,-0.6250496486104377,0.7805849965070866,US-EDN,2023
0.3230918059678999,0.10319733516555392,0.09110126672212947,0.045598500521344114,-0.2632523850983616,0.005971372903210489,289.99764984163266,1.1996270047876174,0.111,114.607,12.083,2.799,3.463,1.2000000000000002,-0.5120551783114646,0.8589525565270845,US-EDN,2023
0.27929013964164195,0.0711978355518808,0.06193950845596549,0.011205371376583251,-0.2386576767319629,0.0,286.48541345313225,1.3349405599787825,0.0,114.366,10.841,2.744,2.635,1.5,-0.3893781415452015,0.9210779895789526,US-EDN,2023
0.31707101287487116,0.09672126498202847,0.08511854217500228,0.03077443023262234,-0.2721367497035441,0.0,287.24729083224486,1.0250274674050905,0.0,113.477,12.081,3.588,2.474,1.8,-0.2593382659754056,0.9657865518844574,US-EDN,2023
-0.009146996207105927,-0.0006984863342409348,-0.0005864546717602575,-0.13783265521273724,-0.008315247260359334,0.0,283.03300393265306,0.7604314948853312,0.0,113.36,10.673,2.604,1.769,0.9,-0.12439450483979998,0.9922328391893008,US-EDN,2023
0.3877596539453746,0.13658728666203407,0.12200894042261043,-0.11300702407613601,-0.5645575320010434,0.07034999633701147,291.8080642723376,1.530857169922145,0.0,174.192,14.284,6.314,1.773,2.7,0.6350683134867438,0.7724559775191742,US-Myb,2018
0.3681519741770255,0.14971912675291157,0.13496996724405497,-0.07810950638237302,-0.5173254528780552,0.09673999661796089,288.76743585071426,1.4540968709695075,0.0,212.288,10.113,6.11,2.631,3.0,0.8211001178128892,0.5707841943569036,US-Myb,2018
0.381246493384197,0.16449303808755958,0.1492451647638051,-0.057112153438477906,-0.4885801461469224,0.12720780055188774,296.63825551162336,1.6179542805595235,0.0,282.844,17.938,9.85,1.773,4.3,0.998376906467142,0.056952196034039754,US-Myb,2018
0.4727952995713072,0.20672216385912281,0.1897143278272298,0.019649382818441974,-0.49675818619921414,0.2192646357398628,298.0292601811688,3.6542360909499934,0.0,307.494,16.386,7.55,2.178,5.2,0.9762766110869321,-0.21652708524481437,US-Myb,2018
0.509257375464995,0.28216536149141735,0.26758085796849085,0.18325107392817,-0.3696022119035833,0.4057810356307986,288.256074609164,4.648707057425524,0.125,243.677,14.769,6.728,3.505,5.2,0.8806828564301475,-0.47370635037968,US-Myb,2018
0.5830395305407252,0.3188569259105422,0.30509892250021675,0.24347240310920173,-0.41238751998588236,0.5093790155912739,300.43320099636367,6.056745045412787,0.0,365.444,19.051,12.064,3.093,7.1000000000000005,0.5027907197793043,-0.8644081744776648,US-Myb,2018
0.5923435816947549,0.3403551573717144,0.3286075482631015,0.2976340473190537,-0.36381548877671155,0.574950146106073,299.3800772216233,4.748377938471495,0.002,344.496,17.87,8.103,3.564,6.4,0.24893980855376657,-0.9685189578512204,US-Myb,2018
0.6274571257364209,0.3877764085833213,0.38119653935985426,0.34361028793487136,-0.3408436751683135,0.7351158511355715,299.2034416302703,6.7940476659806555,0.0,369.668,19.294,9.158,4.144,7.2,-0.023651127245231586,-0.9997202729664083,US-Myb,2018
0.6310783939332686,0.3714354644856354,0.3622455289194209,0.35651035232532813,-0.3609444968660525,0.6772499550921557,299.9766474829221,8.80010471107867,0.0,352.688,20.966,10.239,4.339,9.0,-0.2944616217868012,-0.9556633054034704,US-Myb,2018
0.6321114831231619,0.3705620917175146,0.36120854846040157,0.3646972993160432,-0.34361997550356743,0.6742413431237414,302.0951170433117,9.306374354517766,0.0,340.398,22.416,13.519,4.186,9.5,-0.5431052396834317,-0.8396646346181327,US-Myb,2018
0.6349438543716228,0.36877390883570105,0.3590621447496278,0.373446834346724,-0.3567597506108431,0.6681069536826981,298.424441,6.216187544490411,0.003,317.739,18.328,7.451,4.308,6.7,-0.7508642533989489,-0.6604565640279754,US-Myb,2018
0.6231231658688299,0.35432617927404847,0.34315539485162877,0.3614253765542769,-0.35349472802604653,0.6197611209774563,295.9138387251948,4.938065893152904,0.0,287.86,17.884,6.791,4.246,5.4,-0.9020987014301837,-0.43152975897147144,US-Myb,2018
0.6449629953595707,0.34676639049476277,0.3339471505915753,0.331464692414162,-0.4269743230097087,0.5952870816340137,301.2788021282467,6.066173690903528,0.0,260.811,19.738,11.379,2.442,6.7,-0.9854237542919524,-0.17011767832049052,US-Myb,2018
0.6403161821006783,0.32945184940464933,0.3149599852273025,0.3009340169673962,-0.4545826729461772,0.5412055197238549,295.4080309516883,7.628392152049445,0.0,227.221,21.275,16.31,5.666,5.800000000000001,-0.9945667569706337,0.1041007489354256,US-Myb,2018
0.5187802165325464,0.2687929716448511,0.25296662702730055,0.20372704746762674,-0.405644266431748,0.37032754975380267,290.17000038227275,5.023664499753343,0.0,165.925,15.585,12.404,4.047,3.7,-0.7931896839451843,0.6089746507720486,US-Myb,2018
0.8798040481877173,0.11185887154580475,0.09697995169812858,0.32080092211048267,-0.5229874486788892,0.022312671599448,287.9771584802094,1.2350040864770366,0.06,92.913,15.159,3.65,2.48,1.1,-0.5978291414589552,0.801623551065242,US-Myb,2018
0.4030217474136651,0.15029439628657168,0.1350151005358094,-0.10027231019273534,-0.5760369303276353,0.0979106860589449,285.5045621459741,0.6969391106730368,0.0,118.696,9.531,4.111,2.395,1.7000000000000002,-0.09019000427034513,0.9959245770286599,US-Myb,2018
0.3020667303463504,0.14243821324514272,0.12907485615234743,-0.08865894481152321,-0.4333823622957761,0.0820299220397677,285.8448722114673,0.35160457859117733,0.0,138.059,11.989,4.177,1.243,1.9000000000000001,0.44794493940789115,0.8940611451454876,US-Myb,2019
0.3353942066706246,0.14209893335572543,0.12808963947645838,-0.08215554488269118,-0.4673554193045222,0.08134923249547157,287.97069686837665,1.6979089044095188,0.269,142.747,11.352,4.882,2.156,2.0,0.8494504794814806,0.527668345562516,US-Myb,2019
0.35296892185671513,0.15291405531935937,0.13835904710556338,-0.11595859892497876,-0.5247535609545709,0.1032575925677627,293.9873109632468,1.4688944234338355,0.0,246.002,12.709,5.479,1.604,3.2,0.9608854255574977,0.27694620226893646,US-Myb,2019
0.5010740919640124,0.23212424536568071,0.2150463779448042,0.03726630773773893,-0.5053419486180367,0.2785985359111466,298.6347047173376,3.447916184981291,0.0,313.703,15.692,6.13,2.239,4.9,0.9638074231367307,-0.26659942067929354,US-Myb,2019
0.5462289713381018,0.28398287900315144,0.2683901779842871,0.16601152306945186,-0.43026490832195224,0.41068923982877237,298.7623958779221,5.786003173510729,0.0,325.784,17.055,9.747,2.882,5.9,0.8550745085896932,-0.518505144391157,US-Myb,2019
0.5788178695060877,0.30910298413182247,0.294561032670349,0.21050220183437768,-0.42035211138961215,0.4808719756803992,302.5167801188312,6.588105260036936,0.0,357.359,22.747,12.089,2.736,7.4,0.4575313760742512,-0.8891934772070711,US-Myb,2019
0.556779163368161,0.3199526767755793,0.30721689245614603,0.23061392478096784,-0.3874950017416488,0.5126281745423492,299.635074750168,6.388762938005704,0.0,362.958,19.133,8.468,4.549,6.4,0.19864794288017112,-0.9800709131432666,US-Myb,2019
0.5437194243680563,0.3153657332378107,0.3026264529963616,0.23788013364581556,-0.3763213666510211,0.4990904126010221,300.7006499638961,7.907858220755366,0.0,362.741,20.344,10.453,4.198,7.9,-0.07518957641475855,-0.9971692572470178,US-Myb,2019
0.5713797171566661,0.3292583310031896,0.3170037564444128,0.2510618035451491,-0.4122807218601411,0.5406158605234951,303.62496212915585,8.166772816169644,0.0,350.296,22.698,12.141,3.747,8.8,-0.34336687399638804,-0.939201357453208,US-Myb,2019
0.5813778696854563,0.3327335371851218,0.32050426653514574,0.2602200936887894,-0.41880258696378597,0.5512534495543866,301.3352438481169,7.398968695682438,0.0,332.555,20.136,9.259,5.252,7.800000000000001,-0.5856957398073508,-0.8105309990194823,US-Myb,2019
0.5846771574318973,0.3323852175255982,0.31999719552698175,0.2642005675029405,-0.42608476134405915,0.5501825894935531,305.0951953185714,6.777205132033988,0.0,305.442,22.595,11.129,3.915,7.5,-0.7839338166829201,-0.620844401650647,US-Myb,2019
0.5942665732142841,0.33745045005955254,0.3252933758550689,0.2705379560757497,-0.4387989176521401,0.5658586344166404,300.15546467642866,5.512512846183624,0.0,274.5,19.731,8.976,3.052,6.4,-0.9231578729647039,-0.38442104726885545,US-Myb,2019
0.6009497967207829,0.3326259751480765,0.3196959754780483,0.24159764165599404,-0.47800289836343995,0.550922653738472,303.69640392597404,3.333217377900223,0.0,248.875,24.88,19.96,2.385,6.1000000000000005,-0.9928872135356962,-0.11905873003404988,US-Myb,2019
0.5638297449915363,0.3170273236715896,0.30373602964726104,0.2281439484185146,-0.4459976465120721,0.5039751359894212,293.7101184192208,3.1696919304762954,0.0,231.099,17.399,14.365,3.663,4.7,-0.9878726596350429,0.15526624985999563,US-Myb,2019
0.5625341843109551,0.31577017400426366,0.30239692952092534,0.22705076720473336,-0.4530403122877642,0.5002773848439293,296.964328700974,1.7322772059772806,0.0,183.166,16.855,10.038,1.878,3.9000000000000004,-0.9084917035725082,0.41790288888678667,US-Myb,2019
0.2978169692156212,0.1359995495398516,0.12284066693021399,-0.08653678825753079,-0.442833987018494,0.06918355719544061,281.62472473376624,1.082142388862141,0.2,115.888,10.328,4.117,3.789,1.5,0.23851257519407648,0.9711394088771653,US-Myb,2020
0.3401332124181205,0.16330170760171814,0.14890793891981866,-0.1141667837492741,-0.5089727184803634,0.12471939834310515,294.91839218837663,2.040381334457898,0.0,293.34,12.56,6.987,3.155,5.0,0.9989315138848577,-0.046215046983708354,US-Myb,2020
0.37388670725569373,0.1904529413901323,0.1754442532198269,-0.06113577049935566,-0.48327760251284607,0.18287992507429512,296.2476912392857,2.0094062132905166,0.0,305.917,14.934,6.724,3.732,4.6000000000000005,0.9487718864399473,-0.31596187665790293,US-Myb,2020
0.39576179274243456,0.2203830325121334,0.2056829122989965,-0.009552267122666913,-0.47055494426652295,0.2507748760990589,300.59837200396106,4.101598311820771,0.0,342.558,17.938,10.123,4.904,7.5,0.8271893372462497,-0.5619233046832195,US-Myb,2020
0.4085301893124331,0.23734243137410505,0.22310223585995187,0.016546349472350747,-0.4704699619147526,0.29119408397341506,304.78408151545455,4.723400508940065,0.0,353.065,19.149,9.796,3.668,7.6000000000000005,0.6433365204044917,-0.765583517007675,US-Myb,2020
0.4284411223315853,0.2691446026505154,0.25650992360011643,0.07748068103356266,-0.4424123788417541,0.37124531477738476,301.3828630812987,5.237971571844649,0.0,373.705,17.028,8.615,7.582,6.9,0.4110537546870351,-0.9116111071930239,US-Myb,2020
0.463126294170413,0.2973554446393569,0.2860030879743723,0.12772546633541818,-0.4258469714378939,0.4474920588663641,306.4609495503247,5.816639704448342,0.0,363.797,21.143,10.334,4.423,8.8,0.14782713347053048,-0.9890132145779883,US-Myb,2020
0.4889050953785214,0.30772379600571087,0.296370541070844,0.1631126377782192,-0.4164265601805423,0.47690015654983026,305.48419114883114,6.799621431112556,0.0,365.621,21.405,11.451,3.887,9.700000000000001,-0.12652781683868314,-0.9919630595773397,US-Myb,2020
0.5222585783713951,0.3253391412838561,0.3145952530617191,0.2092269888137982,-0.39365791396267236,0.5287415048911646,301.62789886357143,6.461638422360016,0.0,345.891,19.166,8.362,4.964,8.0,-0.3913578365610259,-0.9202385798054075,US-Myb,2020
0.5589436073925458,0.3288550568244901,0.31702420231665274,0.22819986955323723,-0.414083313707089,0.5393880818758271,305.3816986378572,7.821466870213532,0.0,323.666,22.467,12.173,3.38,8.6,-0.6267266965083301,-0.7792391467859886,US-Myb,2020
0.664329561119594,0.3517706241360926,0.33890486084269644,0.32293171924591135,-0.41645503093760905,0.6114266425972597,301.37599004974027,6.6131168061024805,0.0,236.807,22.219,12.172,2.725,7.300000000000001,-0.9977068927101168,-0.06768276175455162,US-Myb,2020
0.7001462777243597,0.353356331856653,0.33960324548819076,0.32203930093973515,-0.49385863444800526,0.6165906928697529,298.74924537889615,2.100576089166701,0.0,211.582,19.015,10.194,1.847,5.300000000000001,-0.9785481345802031,0.20601832032517084,US-Myb,2020
0.6591961838351852,0.3476172526368292,0.3344444994292584,0.3245245516516401,-0.4257984487519252,0.5980145948083314,292.81583269727275,1.1506614610783596,0.0,180.356,14.668,9.375,1.54,2.7,-0.8857249183835637,0.4642104791518923,US-Myb,2020
0.5929175993533025,0.2944341782469812,0.2783015412909198,0.22851853356642335,-0.47736585235876927,0.43934652401836577,287.25560565383114,0.5057866338066695,0.001,128.515,9.375,5.202,1.017,1.4000000000000001,-0.5120551783114646,0.8589525565270845,US-Myb,2020
0.39909523455753615,0.18948323235614056,0.1738424760895995,0.01847049883109125,-0.4774639085787748,0.1807488317799224,284.85815685714283,0.8262698918554151,0.208,115.711,10.973,4.221,3.424,1.6,0.012901459949419653,0.9999167727021953,US-Myb,2020
0.35666175121459365,0.1617803475946432,0.1470369548699469,-0.08709270050823244,-0.5265282618790926,0.12154981467857678,290.25389723681815,0.6377279325478906,0.0,127.157,12.668,5.708,1.92,2.2,0.2717767384711357,0.9623603298276545,US-Myb,2021
0.30477389479534894,0.10123820983149395,0.08944945786743723,-0.007667197718334639,-0.4140373148562157,0.0023086439623447343,286.1560204816883,0.9241892538494407,0.187,145.057,12.413,5.13,2.301,2.7,0.5230943033491326,0.8522748088519838,US-Myb,2021
0.2820646612893325,0.08082507271461997,0.07071413785524759,0.03661577168805168,-0.36961195104445993,0.0,282.1606804553488,2.718085885144133,0.0,199.103,10.97,6.991,3.76,2.7,0.7350336741329412,0.6780306024735382,US-Myb,2021
0.31975387446150344,0.1660979639269415,0.15222175043810648,-0.0980978763518656,-0.5083395570145274,0.1305690374899564,293.8151152587013,1.1207920547065413,0.075,224.616,12.911,6.36,2.756,3.1,0.8916401947968874,0.45274469960737107,US-Myb,2021
0.31390682182804425,0.15552254111144728,0.14177068797001566,-0.1277961064077315,-0.5154971143022261,0.10860766995157185,293.979069244026,2.265361520518676,0.0,273.303,12.27,7.229,3.493,4.5,0.981124629771712,0.19337647441020586,US-Myb,2021
0.3243882734206456,0.17307593405421376,0.15914834262550015,-0.07035426206289407,-0.47895289495537724,0.14530389841533806,296.17077839097396,1.8422416376610427,0.001,298.047,13.417,5.935,4.007,5.1000000000000005,0.9967506498213929,-0.08054900421874167,US-Myb,2021
0.35780694540941443,0.20265506049832507,0.18846534251619282,-0.011369199835256957,-0.45475613326415476,0.21005535151079988,297.8014698634415,2.412321934949211,0.0,312.008,13.314,5.287,5.145,5.1000000000000005,0.9373419384643772,-0.3484108069446808,US-Myb,2021
0.4058108302237687,0.239637680958045,0.22563912847200696,0.031501748318308945,-0.45424630039142916,0.296780356781288,301.8516866946753,5.777220877497914,0.0,356.637,21.316,17.698,4.676,8.9,0.8073707443023492,-0.5900444739548627,US-Myb,2021
0.45076293067137857,0.27208681754479236,0.25878968329978586,0.10894668470460446,-0.43176620401810384,0.37895475101395204,300.9101220618831,5.813690354771093,0.0,344.316,18.132,9.893,4.388,8.0,0.6166212130956382,-0.7872599821916922,US-Myb,2021
0.5113645481008895,0.3153423756340138,0.3038847293167106,0.18953427725721814,-0.40897582999623755,0.49902190072523034,297.5318272964935,5.616999480010067,0.0,374.219,15.442,8.055,5.959,6.5,0.37945284372454435,-0.925211078289358,US-Myb,2021
0.5747709914551228,0.36031974020761665,0.351914835571884,0.26562954108892195,-0.400859197789741,0.639559628412893,298.8933201007143,9.037976957538367,0.002,357.463,18.571,8.008,5.211,8.1,0.11371951458594969,-0.9935128947338007,US-Myb,2021
0.6186623443590578,0.37864533196483935,0.3710264317245048,0.3099617882471341,-0.40178393324270506,0.7024064426454513,300.62785057688313,10.755213249718512,0.0,355.886,21.812,12.261,5.239,9.4,-0.16057454459499376,-0.9870237158387383,US-Myb,2021
0.5513296548894503,0.3270159288984026,0.31526940577035606,0.2919681509350608,-0.2955972835485134,0.5338061372093871,300.8205353471335,8.660435198476643,0.0,311.219,20.907,10.952,4.856,7.9,-0.65316012232693,-0.7572198192083127,US-Myb,2021
0.5883340606759415,0.32838864141893875,0.31543342969621524,0.300359346491144,-0.33946267844678063,0.5379697767801574,304.5517227402597,3.7128257477110003,0.0,308.961,24.337,16.558,2.086,8.8,-0.8343701235229537,-0.5512045872199277,US-Myb,2021
0.6080211529957427,0.3294395905449333,0.3159370098803779,0.29597223601996,-0.4216883404338134,0.5411681570432246,301.9167289518831,7.734359726446767,0.0,270.432,21.649,11.736,2.923,7.800000000000001,-0.9527692922168511,-0.30369503751065885,US-Myb,2021
0.5756236426339224,0.3102023509015939,0.2958603437575929,0.25135900586094984,-0.44931018712416776,0.4840482729469119,297.66192660753245,5.086090823595126,0.0,242.552,17.948,10.196,2.803,6.5,-0.9994446170919858,-0.033323525711631344,US-Myb,2021
0.5595063711729756,0.2966074643005579,0.2815888945746027,0.2225668311415631,-0.4642976765426402,0.44540066477387563,296.0427432088961,1.5528042925733474,0.0,209.229,15.83,9.677,1.539,4.0,-0.9708824104813836,0.23955655912092708,US-Myb,2021
0.4766233374000613,0.1809981206486989,0.16398464436067073,0.011234328290006862,-0.48164173332915283,0.16227563528990874,289.385723855974,0.5793891661271746,0.0,139.745,12.277,6.065,1.828,2.3000000000000003,-0.6383844591746642,0.769717664006921,US-Myb,2021
0.3980989536912582,0.1669322329187281,0.1513520308153649,0.020132845934579043,-0.416975099117613,0.13232033786773162,288.7964335333766,0.3332731475592899,0.017,116.092,10.939,2.741,1.027,1.0,-0.4822058478963526,0.8760579434344281,US-Myb,2021
0.44138726731070593,0.15709759974285392,0.1411095324167328,-0.0699580958100008,-0.5538746011349043,0.11185081699495386,285.85410647915586,0.9298030514766583,0.0,123.119,8.13,4.117,1.863,1.4000000000000001,-0.3574644155648614,0.9339267592294762,US-Myb,2021
0.2508077634625728,0.09954640835408464,0.08852514945334296,-0.18439632998229283,-0.510585089397658,0.0,283.0305519207792,2.420375866983639,0.0,137.629,8.985,5.262,4.539,2.0,0.3694836834473831,0.9292372181882051,US-Myb,2023
0.2629459607582339,0.10478355035027097,0.09332004215458396,-0.22472728888718316,-0.5574904250163729,0.00894588868083675,282.0127957750649,3.1390578233673017,0.0,163.086,7.647,6.463,3.67,2.0,0.49346814167723735,0.8697638720650646,US-Myb,2023
0.27006158019738435,0.11324225660709238,0.10129241078770856,-0.21640193827390564,-0.548511278325943,0.024945290139798276,286.773098862987,1.969278300379377,0.0,195.867,8.837,6.415,3.56,2.0,0.7112757519738152,0.7029130847082615,US-Myb,2023
0.25773242803507734,0.10871054736612176,0.09715446068166077,-0.14183129235491831,-0.4481662772269442,0.016344732749990255,288.0234780584717,0.6720084891567634,0.004,185.482,9.714,3.805,2.146,2.6,0.8755389928586302,0.4831474640149687,US-Myb,2023
0.34326280508598694,0.15897642078619925,0.14453576421583522,-0.12653162805433066,-0.5224814034456545,0.11573199048862923,292.0439446438961,2.010759477559065,0.0,290.88,9.637,5.468,2.757,3.8000000000000003,0.9989315138848577,-0.046215046983708354,US-Myb,2023
0.3851090295744343,0.18473563928563405,0.16937185355608994,-0.08154582534223717,-0.5214399719403164,0.1703744593764788,294.0701128676623,2.7855968727229627,0.0,296.612,12.704,6.407,4.042,4.3,0.9831469737221499,-0.1828169249850199,US-Myb,2023
0.4154033691442561,0.2059968873574267,0.1902422869697251,-0.038307265732462445,-0.5135429113720059,0.21761670233419333,297.4022199731818,2.4058906604586587,0.0,318.386,14.25,7.591,2.647,4.800000000000001,0.9487718864399473,-0.31596187665790293,US-Myb,2023
0.4379822787805013,0.22682569972373032,0.2111298304777771,0.004616133067655672,-0.4913671504377098,0.2659550496441557,302.66623711240265,3.3284517580547974,0.0,329.815,18.7,9.18,3.463,5.7,0.8964562582905575,-0.44313223418263453,US-Myb,2023
0.5096416065756991,0.2680012175177204,0.25238936914650417,0.10781808585192822,-0.4574146594022666,0.3682638549241724,304.3132714553896,4.092596949410521,0.0,343.807,19.471,8.179,3.903,5.6000000000000005,0.742280907086982,-0.6700888411055113,US-Myb,2023
0.5629112708562564,0.3069521687016931,0.2927206452456664,0.1836826669042923,-0.44274197935745585,0.4746842523300559,301.3857225287662,4.486043486240885,0.0,356.854,18.734,8.047,3.809,6.9,0.6433365204044917,-0.765583517007675,US-Myb,2023
0.5881762632709976,0.3375029591135681,0.3255734096580071,0.23630914246575224,-0.4123149135034339,0.5660223179462607,298.4059822123377,4.391462631755431,0.0,334.254,15.835,6.283,5.537,4.800000000000001,0.5322271388474397,-0.8466016020976267,US-Myb,2023
0.6250376492962172,0.3728180176076578,0.36406793339179133,0.2881768092839713,-0.3981532867512018,0.682029506367215,297.68521072980775,4.764341249627371,0.009,237.608,17.301,6.629,4.292,4.7,0.4110537546870351,-0.9116111071930239,US-Myb,2023
0.6467832316662776,0.3885900212306574,0.38130769202359677,0.32647068510927135,-0.390148282586164,0.7380781793354236,297.8121382288962,5.581838759265784,0.003,350.426,16.974,6.866,4.657,5.6000000000000005,0.14782713347053048,-0.9890132145779883,US-Myb,2023
0.6591939074313382,0.38866071486632653,0.38088196172566335,0.31851922185706766,-0.4227474777725442,0.7383359492537983,306.34396744590913,8.027980269570854,0.0,366.641,24.256,14.792,3.007,8.8,0.01075130776352193,-0.9999422030204416,US-Myb,2023
0.6479700665325885,0.3957185491377668,0.38951965230964064,0.334037467832612,-0.4023099027131776,0.7643801226788329,297.347883072987,5.7404896078378025,0.012,349.324,15.94,5.785,5.947,5.5,-0.12652781683868314,-0.9919630595773397,US-Myb,2023
0.6472302585181359,0.39136877639721235,0.3845035240406604,0.3276344388029451,-0.40217294854894076,0.7482561435249568,304.5256584881818,8.572531339673338,0.0,355.057,23.532,12.637,3.841,8.9,-0.2614143985111562,-0.965226663665613,US-Myb,2023
0.6569818412535668,0.394285658274454,0.3874729614843508,0.32759436986159624,-0.4256279032323355,0.7590424288852998,303.8794603520779,7.6200923562554586,0.001,352.039,21.788,11.112,3.344,8.200000000000001,-0.3913578365610259,-0.9202385798054075,US-Myb,2023
0.6345187814880193,0.385016110135466,0.3776958512908766,0.3228909868011089,-0.40521732475602207,0.7251248151688648,298.6955040427922,5.943173414035208,0.021,320.46,18.416,6.936,5.032,6.300000000000001,-0.5139010013093103,-0.8578494977869301,US-Myb,2023
0.638726001781495,0.37886085637365985,0.37043680451527805,0.3174476406312096,-0.42439232332553495,0.7031673819984845,301.2898921974675,5.852683134451851,0.002,311.525,19.755,7.376,3.981,6.4,-0.6267266965083301,-0.7792391467859886,US-Myb,2023
0.6335592870151552,0.3781536244849257,0.36983515238330206,0.326166195386876,-0.4003078451900329,0.7006723698041685,300.06921885792207,5.6090154684952065,0.0,284.417,20.75,7.964,4.675,5.7,-0.7277014757264236,-0.6858939875998223,US-Myb,2023
0.6365976837254838,0.3634265242870206,0.3529324621125996,0.3116066315623413,-0.4333019790688867,0.6499643659698287,300.466234458052,5.538135497299863,0.0,308.123,19.96,8.347,4.213,6.9,-0.8149159841660791,-0.5795791048257612,US-Myb,2023
0.6316484116037246,0.35321190621071924,0.34159832017213493,0.3055011643767617,-0.4368954250370564,0.6161193474048349,299.5482741387013,4.410526724637203,0.053,167.049,19.818,7.958,3.593,4.3,-0.886721063082993,-0.46230483047981086,US-Myb,2023
0.6400757578331292,0.35174964847263385,0.3396693601952347,0.3013011940252423,-0.45975935566502285,0.6113584951607612,300.42956102701294,6.060298345815814,0.0,285.799,20.402,9.439,3.529,7.7,-0.9417589340994617,-0.33628873017668287,US-Myb,2023
0.6381897753060789,0.35052652428700914,0.3383648704382916,0.3152546287545179,-0.4310406022436495,0.6073920005003988,297.83578693220784,4.504040063684331,0.0,248.24,18.63,7.238,4.123,5.1000000000000005,-0.9789888737409319,-0.20391367068311472,US-Myb,2023
0.6601278095868968,0.34753103940321084,0.3343200222580585,0.30300282455955135,-0.4786822334135938,0.5977379223066429,297.86880559727274,4.40074191310649,0.0,241.232,19.061,8.675,3.839,5.5,-0.9977068927101168,-0.06768276175455162,US-Myb,2023
0.6498063211624718,0.33572990875555236,0.32158152885726504,0.2939638565146976,-0.4666218277447106,0.5605087308376513,301.87748460753244,2.3101175557994007,0.0,224.459,22.263,12.542,1.486,5.2,-0.9975590477788613,0.06982797572987089,US-Myb,2023
0.547276152363262,0.31847310661486106,0.3059309606385771,0.27947537441488224,-0.3530468350550476,0.5082431692481423,287.56556919128354,2.3495405611252806,0.001,171.974,17.339,7.975,2.139,3.5,-0.9785481345802031,0.20601832032517084,US-Myb,2023
0.641425728371792,0.3159691858497227,0.30023218825444026,0.2705116809164055,-0.4819921925396144,0.5008619253879388,294.20544648422083,1.922123959586063,0.0,176.29,16.614,6.088,4.358,2.9000000000000004,-0.9410336347451197,0.3383130181923076,US-Myb,2023
0.6319409812729966,0.2919576615227661,0.2747030987925551,0.22655919401947527,-0.5144210747571951,0.4324880870215081,292.1094160031818,2.6521138506691693,0.0,183.451,14.375,10.445,2.756,3.5,-0.8857249183835637,0.4642104791518923,US-Myb,2023
0.5321417349259707,0.23070510648638315,0.21294984171040468,0.11298813727359926,-0.5142787104037478,0.27519787209432567,288.2283319754546,1.0159792808088532,0.006,122.958,11.494,4.928,3.287,1.9000000000000001,-0.5120551783114646,0.8589525565270845,US-Myb,2023
0.5133291183088428,0.20822129965995037,0.1905004649394588,0.07416952562185053,-0.5502323614134231,0.22267874308337499,285.06064864805194,1.2008118895357498,0.0,120.058,9.077,3.975,2.701,1.6,-0.3893781415452015,0.9210779895789526,US-Myb,2023
0.4400531087021602,0.18023105245387117,0.16378874068707758,0.0017620153672259253,-0.5168916626810389,0.1606208328176302,286.1355086625325,0.38522764749839283,0.0,119.976,10.172,5.12,1.671,1.9000000000000001,-0.2593382659754056,0.9657865518844574,US-Myb,2023
0.3298344892046977,0.1467694172914928,0.13276207754793803,-0.00989897692472803,-0.4011775817597948,0.09075677058280328,281.3763890585881,0.25320053260692443,0.017,97.972,8.484,2.792,1.021,0.9,-0.12439450483979998,0.9922328391893008,US-Myb,2023
0.43062963247468833,0.2239776112191985,0.2083760233786855,-0.06132122673356674,-0.5724518760434062,0.2592185267409113,293.105313837013,1.0384479164518736,0.0,166.245,13.373,6.931,1.317,2.5,0.6350683134867438,0.7724559775191742,US-Tw4,2018
0.4135039014531355,0.22457392028725845,0.20950089323143617,-0.05186126703576451,-0.5496122194454273,0.2606255498921939,289.83054734623374,1.3669100556180909,0.0,202.603,8.736,6.695,1.955,2.8000000000000003,0.8211001178128892,0.5707841943569036,US-Tw4,2018
0.45229471752165734,0.25340557373098777,0.2386533458887912,-0.030137428358833946,-0.551101385978622,0.3308987462460321,300.450376176948,1.8530290194206196,0.0,269.941,17.436,11.02,1.317,4.3,0.998376906467142,0.056952196034039754,US-Tw4,2018
0.48600677070118364,0.27573323474818545,0.2614295452548278,0.0019566174059513935,-0.5407129331319125,0.388585066015296,300.20884349525977,2.734323084827746,0.0,293.466,15.711,8.36,1.618,4.800000000000001,0.9762766110869321,-0.21652708524481437,US-Tw4,2018
0.5802184682195703,0.3606943085387708,0.3521004918921251,0.16388551549710886,-0.5032207553851877,0.6408088617061488,303.21509566162337,5.894228071549514,0.0,348.772,18.673,13.581,2.298,7.0,0.5027907197793043,-0.8644081744776648,US-Tw4,2018
0.6561379790871676,0.4161115789309489,0.4130603873643843,0.2831919638879683,-0.4471269503604699,0.8432986107966697,302.23211158084416,7.817227710958872,0.0,352.804,18.943,10.22,3.078,7.1000000000000005,-0.023651127245231586,-0.9997202729664083,US-Tw4,2018
0.6837611289062531,0.4356173966759475,0.4349318025476352,0.31062134586185186,-0.48611779641274605,0.9244869131123121,304.4412215568831,9.86239425773934,0.0,336.598,20.802,11.47,3.224,9.200000000000001,-0.2944616217868012,-0.9556633054034704,US-Tw4,2018
0.6930823991125135,0.4446789688661677,0.4453477226382556,0.3322691330145119,-0.43143459292093894,0.9643459922321052,304.8694617314935,9.248228666012498,0.0,324.869,22.415,15.263,3.11,9.3,-0.5431052396834317,-0.8396646346181327,US-Tw4,2018
0.6949049258439576,0.4459213540848175,0.4467532659401311,0.3366220816105243,-0.47769742839393015,0.969925323314021,301.8980630114935,6.312726517178119,0.004,303.243,17.869,8.246,3.2,6.7,-0.7508642533989489,-0.6604565640279754,US-Tw4,2018
0.6983802138518501,0.4504845271250712,0.45208522539319157,0.35758037382541047,-0.45669975588840056,0.9906643046481818,299.9457891248701,5.673792685413341,0.0,274.728,17.376,7.484,3.155,5.4,-0.9020987014301837,-0.43152975897147144,US-Tw4,2018
0.69709280706743,0.4381151048260099,0.43728029286290604,0.3423042337254723,-0.4849489000634558,0.9353300207911137,301.97592284370126,5.8295983266091245,0.0,248.913,19.437,12.788,1.814,6.5,-0.9854237542919524,-0.17011767832049052,US-Tw4,2018
0.6926283659362722,0.42353769889281156,0.4201636869787707,0.32031372595583324,-0.5062676617419738,0.8735052335826943,297.0035360537662,8.691663360794601,0.0,216.855,21.146,18.491,4.209,5.800000000000001,-0.9945667569706337,0.1041007489354256,US-Tw4,2018
0.5799473702105948,0.35079591138351945,0.3408459056833073,0.2283147684817887,-0.4619849110948214,0.6082643729125446,291.11136526064934,4.424332431286804,0.0,158.356,14.82,13.973,3.006,3.6,-0.7931896839451843,0.6089746507720486,US-Tw4,2018
0.4155727737871207,0.1971854164764184,0.18126171954255765,-0.09521690805934793,-0.5897235872653757,0.1977906944277351,286.6845336737662,0.6004907825728457,0.0,113.281,8.089,4.383,1.779,1.3,-0.09019000427034513,0.9959245770286599,US-Tw4,2018
0.33874477291000005,0.163621471363333,0.14925926106803822,-0.0613995911813961,-0.46752174491437,0.12538675470839203,284.67179730771085,1.3173519460473808,0.0,131.76,10.822,4.46,0.923,1.6,0.44794493940789115,0.8940611451454876,US-Tw4,2019
0.40780816534186143,0.21448337520430577,0.1991800466363253,-0.0938583412875262,-0.5578351855411178,0.2370557063280588,294.8460773907792,1.4896234149984742,0.0,234.779,11.622,5.966,1.191,2.9000000000000004,0.9608854255574977,0.27694620226893646,US-Tw4,2019
0.46880454354169965,0.2501685777255291,0.23469796971061882,-0.057644911747625815,-0.5686062010327704,0.32278133472016557,301.5130918627922,2.629034883954326,0.0,299.391,14.939,6.718,1.664,4.7,0.9638074231367307,-0.26659942067929354,US-Tw4,2019
0.4620139467613123,0.2636721355872801,0.24929112856940713,-0.02303297652478282,-0.5369596934794916,0.3570481888744165,303.6336736411688,4.438894248921543,0.0,310.922,16.454,10.901,2.141,5.7,0.8550745085896932,-0.518505144391157,US-Tw4,2019
0.5355999265328041,0.3023534387923494,0.28861551186223894,0.11315840881574718,-0.49392666320245204,0.46156982103636907,294.877509117987,2.4705367242786145,6.697,208.829,11.826,4.433,2.006,3.2,0.6819721490904629,-0.7313781428679254,US-Tw4,2019
0.5155237698492061,0.293998663211544,0.28020008886560005,0.03416576722134299,-0.5365558949305217,0.43813730760720676,308.49171582480517,5.390569106287046,0.0,341.056,22.782,13.61,2.033,7.300000000000001,0.4575313760742512,-0.8891934772070711,US-Tw4,2019
0.5409185943857756,0.3233543311377226,0.3115988600473963,0.0926817652408836,-0.5204611413710107,0.5227765221543503,303.3394390861688,6.061160655521762,0.0,346.399,18.764,9.422,3.379,6.1000000000000005,0.19864794288017112,-0.9800709131432666,US-Tw4,2019
0.5570800940653275,0.3385263474344114,0.32793692286519077,0.1275451450859444,-0.5035210027067016,0.5692173468105747,306.44010850629866,7.335098883327431,0.0,346.192,20.111,11.717,3.118,8.1,-0.07518957641475855,-0.9971692572470178,US-Tw4,2019
0.6181937201411782,0.3753845031068113,0.3672948395646684,0.19091732383447002,-0.5122424817336358,0.690957459836596,308.19205090902597,8.05249108781807,0.0,334.316,22.729,13.67,2.783,8.9,-0.34336687399638804,-0.939201357453208,US-Tw4,2019
0.6508968103751642,0.3880117613608465,0.3804699107658984,0.22628979790662146,-0.5150881342385776,0.7359719397656408,304.04956233441555,8.003113464764226,0.0,317.384,19.879,10.336,3.902,7.6000000000000005,-0.5856957398073508,-0.8105309990194823,US-Tw4,2019
0.6740348274087826,0.39411186685864597,0.38657974024997266,0.2513671676654556,-0.5206514311423248,0.7583967940496861,309.17766508961034,8.015189627450235,0.0,291.508,22.613,12.5,2.908,7.300000000000001,-0.7839338166829201,-0.620844401650647,US-Tw4,2019
0.6942307342245361,0.4105030524353368,0.4047944861903222,0.287462404619578,-0.5130595712351856,0.8210232587042942,301.7903287966883,5.635258849321235,0.0,261.977,19.429,10.01,2.268,5.800000000000001,-0.9231578729647039,-0.38442104726885545,US-Tw4,2019
0.6864261380480245,0.387224063742901,0.3781915909540418,0.2566693977051917,-0.5360437596673138,0.7331093288393207,304.1321237937013,6.3198291357240794,0.0,237.521,25.154,22.711,1.771,6.1000000000000005,-0.9928872135356962,-0.11905873003404988,US-Tw4,2019
0.6540599769507693,0.3755360357115027,0.3660371755458122,0.2580701515522617,-0.49303519519332467,0.6914868662448821,294.6942344416883,6.179895210347664,0.0,220.556,16.836,16.242,2.721,4.7,-0.9878726596350429,0.15526624985999563,US-Tw4,2019
0.646393718869192,0.3784631673109602,0.36967583263503234,0.2539075718345116,-0.4978953626330697,0.7017636952526775,296.90395847759737,2.3954920252602983,0.0,174.81,16.232,11.238,1.395,3.4000000000000004,-0.9084917035725082,0.41790288888678667,US-Tw4,2019
0.49505889010953535,0.308795066764018,0.2972937021324347,0.17043138893254867,-0.44683250117710555,0.4799839822756813,290.80622929337665,1.2475731455779573,0.0,135.921,13.566,7.144,0.936,1.8,-0.7607200913564104,0.6490800741100398,US-Tw4,2019
0.46029024426170334,0.2655179417008005,0.25133436368067896,0.290659468212484,-0.3332427693977223,0.361816261024473,279.552641108,1.3632055428113068,2.392,81.068,7.252,3.412,2.656,1.1,-0.5556819724760489,0.8313949395234058,US-Tw4,2019
0.38400358199483253,0.20653735202928136,0.19165936792255236,-0.11889073833321419,-0.5575961458248009,0.21884448177152385,297.37705831512983,1.929387703948312,0.0,279.957,11.457,7.709,2.344,4.800000000000001,0.9989315138848577,-0.046215046983708354,US-Tw4,2020
0.41428814413560205,0.23942869073340625,0.22510977011113462,-0.06546442152913741,-0.5308905795701909,0.29627053100851575,299.5162246524675,2.349217752804571,0.0,291.961,14.096,7.405,2.772,4.4,0.9487718864399473,-0.31596187665790293,US-Tw4,2020
0.4373902472731751,0.25456457010866107,0.2404090508237442,-0.018875205934291265,-0.5163909448578955,0.33381980023055163,302.873966907987,5.740453838185559,0.0,326.93,17.436,11.336,3.643,7.2,0.8271893372462497,-0.5619233046832195,US-Tw4,2020
0.4907351796324882,0.28423818293422576,0.2704690779478191,0.02218064973421196,-0.5264705417603107,0.4113804471673878,306.2442086111039,6.708038047200141,0.0,336.957,18.782,10.958,2.725,7.300000000000001,0.6433365204044917,-0.765583517007675,US-Tw4,2020
0.5420155546314402,0.3269816490582555,0.31560328134916776,0.09346550109076676,-0.5196937104237828,0.5337023630265689,302.8266547047403,8.102756002408572,0.0,356.657,16.424,9.592,5.633,6.7,0.4110537546870351,-0.9116111071930239,US-Tw4,2020
0.5693010585700015,0.35000050583437803,0.34039289004692974,0.1332263790743303,-0.5184967451930365,0.6056905571855336,309.5588741968181,9.066106845426416,0.0,347.2,20.999,11.58,3.286,9.0,0.14782713347053048,-0.9890132145779883,US-Tw4,2020
0.5904673409928555,0.36918976012205407,0.36138498074872333,0.16838593170326938,-0.5096604357527021,0.6695304852723065,308.91445535467534,8.55615864521588,0.0,348.941,21.291,12.872,2.887,9.3,-0.12652781683868314,-0.9919630595773397,US-Tw4,2020
0.6053259504058043,0.38536057458573525,0.3794020494891634,0.1935806088194003,-0.49920618519429383,0.7263666718817942,305.76414326311686,5.558579360393355,0.0,330.111,18.801,9.299,3.688,7.800000000000001,-0.3913578365610259,-0.9202385798054075,US-Tw4,2020
0.6025493508686016,0.3860833687518317,0.3803751990215376,0.1929871744447012,-0.5040137817877697,0.7289770466145679,310.16425214818184,4.7939105502643224,0.0,308.9,22.472,13.707,2.511,8.6,-0.6267266965083301,-0.7792391467859886,US-Tw4,2020
0.595733501218931,0.39533846191427247,0.39155165828573496,0.229155531947881,-0.42679790944530643,0.7629617228221316,304.855564002987,3.1833421838788665,0.0,280.093,20.741,9.957,3.549,6.2,-0.8149159841660791,-0.5795791048257612,US-Tw4,2020
0.5717408967321373,0.3557733190373693,0.3468550219541273,0.17889230630877653,-0.4789609836893432,0.6245088885813965,306.4932098884416,2.6905166160435647,0.0,226.004,22.195,13.705,2.025,6.800000000000001,-0.9977068927101168,-0.06768276175455162,US-Tw4,2020
0.5991369431059642,0.35284487207107823,0.34239072230264367,0.16206662874278863,-0.5489968734440667,0.6149224090092432,301.46006076461043,2.2044557808742957,0.0,201.929,18.633,11.418,1.372,5.1000000000000005,-0.9785481345802031,0.20601832032517084,US-Tw4,2020
0.5648440490308507,0.3283063811529818,0.316188101420822,0.1520531585101115,-0.5092271213255491,0.5377198244091198,295.1565438416234,1.2542675327767276,0.0,172.128,13.8,10.471,1.144,2.3000000000000003,-0.8857249183835637,0.4642104791518923,US-Tw4,2020
0.47508534813895903,0.26146673656337677,0.24649315820183526,0.04315422666442757,-0.5542405604213733,0.35137821346308495,287.4277976592208,0.46572142376981907,0.001,122.652,7.916,5.646,0.756,1.2000000000000002,-0.5120551783114646,0.8589525565270845,US-Tw4,2020
0.35588045198733725,0.18752652755467686,0.17295344451469344,-0.09627386893365927,-0.5497040386906987,0.17646119726771672,285.15991919428575,0.7776171136968664,0.279,110.432,9.692,4.511,2.544,1.4000000000000001,0.012901459949419653,0.9999167727021953,US-Tw4,2020
0.33743045071514993,0.16699027019644994,0.15266199986694756,-0.1720015423838212,-0.5794536409813644,0.1324422738208921,292.76135892831167,0.4076410550459365,0.0,121.356,11.577,6.231,1.426,1.9000000000000001,0.2717767384711357,0.9623603298276545,US-Tw4,2021
0.3218585170856302,0.18271470627016412,0.1690679609389091,-0.14910904655052673,-0.5423019394114452,0.16598789235595238,295.2496996832467,0.9015332171597353,0.101,214.369,11.847,6.984,2.047,2.8000000000000003,0.8916401947968874,0.45274469960737107,US-Tw4,2021
0.3243763365889707,0.17443358451859928,0.16052733891718715,-0.17697209204978281,-0.5543229362070974,0.14819385134747207,294.43704323331167,2.1025101199206726,0.0,260.835,11.134,7.989,2.595,4.3,0.981124629771712,0.19337647441020586,US-Tw4,2021
0.3248207379713245,0.18465599163766433,0.17096541921372002,-0.15154410471784358,-0.5424612290909268,0.17020124710011506,300.36790719655846,1.6528067033049332,0.001,284.45,12.41,6.493,2.977,4.9,0.9967506498213929,-0.08054900421874167,US-Tw4,2021
0.3527536836591257,0.20693138287929938,0.19309332156571574,-0.11573371279494911,-0.5339766814757015,0.21974047132450097,301.8073301169481,2.700702183197078,0.0,297.774,12.295,5.744,3.822,4.7,0.9373419384643772,-0.3484108069446808,US-Tw4,2021
0.38670199925247956,0.2325486862762816,0.21882349050005523,-0.07468881589013933,-0.5234326102483284,0.27961766586508674,304.02994941012986,6.821958941318054,0.0,340.367,21.191,20.095,3.474,8.8,0.8073707443023492,-0.5900444739548627,US-Tw4,2021
0.43676439270126355,0.2670578560758368,0.2538934125315005,-0.014974713406849088,-0.5207021581792876,0.36581004703419384,306.7189767679221,6.327906453809573,0.0,328.608,17.652,11.071,3.26,7.7,0.6166212130956382,-0.7872599821916922,US-Tw4,2021
0.5001575333389223,0.31003698744807273,0.29845565370486127,0.06885970978757722,-0.504309348945147,0.4835699168202146,301.6514032998052,6.419329543679954,0.0,357.147,14.66,8.944,4.427,6.6000000000000005,0.37945284372454435,-0.925211078289358,US-Tw4,2021
0.5652852887786898,0.34973982476112037,0.3402703352449401,0.1408687524804559,-0.5044888895141644,0.6048483413530455,304.56423328532463,7.8287881770847045,0.002,341.155,18.139,8.89,3.871,8.3,0.11371951458594969,-0.9935128947338007,US-Tw4,2021
0.6067157225383882,0.36900364407044783,0.36046243285799995,0.1771322504803472,-0.5102085938644225,0.6688931495368926,307.8122141886364,11.291054069426378,0.0,339.65,21.743,13.808,3.892,9.8,-0.16057454459499376,-0.9870237158387383,US-Tw4,2021
0.6835434340480296,0.4418042424667405,0.442364486389544,0.28265167458245644,-0.4269495021799807,0.9515436892433474,304.7611319525974,8.395879142403544,0.0,297.021,20.737,12.295,3.607,7.800000000000001,-0.65316012232693,-0.7572198192083127,US-Tw4,2021
0.7011898772860095,0.43039705621605273,0.42790167230126264,0.31254385235559173,-0.46329200605238346,0.9021639697170261,306.20674356071424,6.00889005597397,0.0,294.866,24.551,18.777,1.549,8.5,-0.8343701235229537,-0.5512045872199277,US-Tw4,2021
0.6983945070012736,0.4252454972428636,0.4219272715428858,0.31481688918208267,-0.4973010460988518,0.8805709285512362,305.0746132154546,6.149907597492002,0.0,258.094,21.562,13.201,2.172,7.7,-0.9527692922168511,-0.30369503751065885,US-Tw4,2021
0.7008198782664397,0.41171578452761315,0.40594234990472305,0.30358523309120833,-0.522029088801674,0.8258017446666103,299.998557582987,5.494594690297957,0.0,231.486,17.447,11.42,2.082,6.5,-0.9994446170919858,-0.033323525711631344,US-Tw4,2021
0.6938562782743691,0.395726632572596,0.3876795619816628,0.30385655837492176,-0.515686396948581,0.7644103081267852,296.29213659675327,3.153008297244274,0.0,199.684,15.093,10.821,1.143,3.2,-0.9708824104813836,0.23955655912092708,US-Tw4,2021
0.5972429399117417,0.2822644534673351,0.26522321025106455,0.13837221677191938,-0.5318454179593263,0.40604806913388963,289.33309966493505,1.2191657809009615,0.0,133.369,11.142,6.643,1.358,1.9000000000000001,-0.6383844591746642,0.769717664006921,US-Tw4,2021
0.5151229656263674,0.22903150394803956,0.2115730552383468,0.010811260723667185,-0.5876202160011244,0.2712009170553461,284.95461604493505,1.6267541145723619,0.0,117.502,6.532,4.391,1.384,1.2000000000000002,-0.3574644155648614,0.9339267592294762,US-Tw4,2021
0.24362817611984058,0.11906472986850489,0.10745758273156997,-0.18195417131218872,-0.5083721792026018,0.036095270287195017,282.85097270116887,2.037616703067972,0.0,131.35,7.482,5.715,3.372,1.8,0.3694836834473831,0.9292372181882051,US-Tw4,2023
0.25207562817670964,0.12063643694921947,0.10879977141440964,-0.22165863832071134,-0.5454016509691262,0.03912456696212175,282.63989886870127,0.6760578167584401,0.0,155.646,5.994,7.104,2.727,1.8,0.49346814167723735,0.8697638720650646,US-Tw4,2023
0.24594127617333927,0.12643872984170046,0.11464154200458217,-0.1498509633485141,-0.4693643558313914,0.050380744950783964,282.0883614522016,0.5694266149292246,0.0,134.377,7.531,4.085,0.973,1.3,0.6081214998935418,0.7938439653781019,US-Tw4,2023
0.2475657577962883,0.1206094057820775,0.10887608966865414,-0.21746241775870884,-0.5326018621930259,0.039072396651097394,287.1012435796104,1.1988720922051692,0.0,186.931,7.318,7.049,2.644,2.0,0.7112757519738152,0.7029130847082615,US-Tw4,2023
0.2965656604056011,0.16703683663259677,0.15386007348412037,-0.1511814412169966,-0.5020797445414423,0.13254011939264917,289.21931733032466,1.5143200205770195,0.037,257.071,8.736,6.002,1.443,2.3000000000000003,0.9958270335100595,0.09126072172931188,US-Tw4,2023
0.30095881459852053,0.14936369744059452,0.13595536757282817,-0.18950378981480473,-0.5409091487595782,0.0960173109493342,292.18578877474033,1.5544311668721564,0.0,277.609,8.207,5.953,2.048,3.8000000000000003,0.9989315138848577,-0.046215046983708354,US-Tw4,2023
0.3204321422622938,0.16097123188639026,0.14705333224308534,-0.17994464118264045,-0.5500123056650036,0.11986782906901285,295.36725515681815,2.2197513262324704,0.0,283.08,11.617,7.039,3.003,4.3,0.9831469737221499,-0.1828169249850199,US-Tw4,2023
0.33200658683930717,0.16973432745260494,0.15555889146805038,-0.17069743979213178,-0.5538566653424113,0.13822301873487663,298.3962756274026,1.9996050183879572,0.0,303.861,13.335,8.408,1.966,4.800000000000001,0.9487718864399473,-0.31596187665790293,US-Tw4,2023
0.349668901899581,0.18522292155870868,0.17077966704555364,-0.1422226577030303,-0.5441424029104703,0.17143476254057,306.05921382733766,2.4288686374644786,0.0,314.769,18.283,10.246,2.573,5.7,0.8964562582905575,-0.44313223418263453,US-Tw4,2023
0.36799822457043857,0.19730491975932696,0.18261944027306973,-0.11597317801223207,-0.5308288671927356,0.19805720077340105,310.7881443745455,2.8705047478577024,0.0,328.122,19.141,9.089,2.899,5.9,0.742280907086982,-0.6700888411055113,US-Tw4,2023
0.38537388414904666,0.20581862760712027,0.19087648033724944,-0.10199359804989712,-0.5361250897585124,0.21721204838498676,306.0937676420779,3.553396070872993,0.0,340.574,18.321,8.935,2.83,7.0,0.6433365204044917,-0.765583517007675,US-Tw4,2023
0.41457853836555963,0.22480581648291326,0.20971000991275,-0.0587584717493397,-0.5220772627766296,0.2611732082649572,302.65402989811685,3.4531837307096054,0.0,319.005,15.098,6.895,4.113,5.0,0.5322271388474397,-0.8466016020976267,US-Tw4,2023
0.4502693311413299,0.2479413257204597,0.23291848179397442,-0.0228360671640981,-0.5200723994026865,0.31723067735541,301.6871260477922,3.960377469386058,0.012,226.769,16.728,7.295,3.189,4.800000000000001,0.4110537546870351,-0.9116111071930239,US-Tw4,2023
0.4911757105814251,0.275310040252573,0.26079628135093463,0.039729082234138006,-0.5093602244748138,0.3874630558484107,301.72011511961034,4.40182975459156,0.004,334.439,16.364,7.57,3.46,6.2,0.14782713347053048,-0.9890132145779883,US-Tw4,2023
0.4973913232670466,0.28033085311783296,0.26600007388323854,0.04191444773328227,-0.5172106190169357,0.4008490788922324,312.29306084915584,6.6082448062865495,0.0,349.914,24.461,16.735,2.234,9.1,0.01075130776352193,-0.9999422030204416,US-Tw4,2023
0.5348926988566742,0.30739281201389784,0.29416473541011073,0.10552766802361675,-0.5020496661054906,0.4759491130343408,300.2699572489611,5.199497885560261,0.016,333.388,15.214,6.32,4.418,6.0,-0.12652781683868314,-0.9919630595773397,US-Tw4,2023
0.5674740036319863,0.3214267376041807,0.30846192478331463,0.12260846988939322,-0.5096378993344869,0.5170143214936925,310.2768396554546,8.89824338430679,0.0,338.859,23.656,14.243,2.854,9.200000000000001,-0.2614143985111562,-0.965226663665613,US-Tw4,2023
0.6021708706569664,0.34033814323920325,0.3282319383664896,0.1646825988972526,-0.5125512444459536,0.5748966735769713,307.0365566954546,8.375045384348224,0.001,335.979,21.717,12.48,2.484,8.5,-0.3913578365610259,-0.9202385798054075,US-Tw4,2023
0.6375788788235779,0.36153168532077795,0.3507542270569506,0.2144949551478715,-0.5025238716073753,0.6436067672313157,302.8774441144805,7.083597173863499,0.028,305.84,17.968,7.651,3.738,6.7,-0.5139010013093103,-0.8578494977869301,US-Tw4,2023
0.661562285136379,0.36784960877009476,0.35703907111805117,0.23644669343822183,-0.5095729823383524,0.6649495020679951,303.8240137051299,7.070460517645468,0.003,297.313,19.456,8.16,2.957,6.800000000000001,-0.6267266965083301,-0.7792391467859886,US-Tw4,2023
0.6987032617289913,0.4034248606777787,0.3963873448016489,0.29804170444770106,-0.49064388805323544,0.7935404052039585,302.4703927045455,7.099648613997723,0.0,271.442,20.563,8.84,3.473,6.0,-0.7277014757264236,-0.6858939875998223,US-Tw4,2023
0.7148199537547563,0.40569375186768164,0.39840292348727835,0.3126759137859813,-0.5046146211992346,0.8022753200371462,302.65126292954545,6.745518663298335,0.0,294.066,19.684,9.282,3.13,7.4,-0.8149159841660791,-0.5795791048257612,US-Tw4,2023
0.7582256239876455,0.33987785415602273,0.3233717655141452,0.3964949335757552,-0.46725785080698085,0.5734510496404924,298.4488287020388,5.437383085339435,0.071,159.428,19.526,8.833,2.669,4.6000000000000005,-0.886721063082993,-0.46230483047981086,US-Tw4,2023
0.7187460075111259,0.3975933246831729,0.3889231762906334,0.3176058588176285,-0.5093560602985073,0.7714032745975989,302.5030340557143,6.866723942965807,0.0,272.761,20.175,10.545,2.622,7.7,-0.9417589340994617,-0.33628873017668287,US-Tw4,2023
0.7337386981092846,0.4203069465182123,0.4146778801615322,0.3528098972939768,-0.48580599364430227,0.8602616082959429,299.7441740338961,5.509514188751461,0.0,236.915,18.206,7.999,3.063,5.1000000000000005,-0.9789888737409319,-0.20391367068311472,US-Tw4,2023
0.7488812541559436,0.4199192629285188,0.413658478062486,0.35832659206588835,-0.5100021631519547,0.8586830729781759,298.96017124512986,5.951912315349097,0.0,230.227,18.685,9.661,2.852,5.4,-0.9977068927101168,-0.06768276175455162,US-Tw4,2023
0.7449999640007695,0.409646288066365,0.4018836082049482,0.35367209099141866,-0.5125502801046701,0.8176598616069686,301.32341764688306,4.589748817166292,0.0,214.219,22.245,14.133,1.104,4.7,-0.9975590477788613,0.06982797572987089,US-Tw4,2023
0.7267355505360418,0.4036841943699851,0.3956480680226392,0.32800139990107907,-0.510762697063529,0.7945352964701736,295.17280533071425,3.179927848051255,0.0,168.248,15.963,6.67,3.237,2.8000000000000003,-0.9410336347451197,0.3383130181923076,US-Tw4,2023
0.7185455143640437,0.3665121598134793,0.35371899761663944,0.29947179238566923,-0.5332278139185067,0.6603967164400135,292.26593098610385,3.506824151936599,0.0,175.081,13.474,11.709,2.047,2.9000000000000004,-0.8857249183835637,0.4642104791518923,US-Tw4,2023
0.5813596442033234,0.29330482006988856,0.27740065872212316,0.1592165882945588,-0.5404634038421648,0.4362135822735693,288.4888413266234,0.9948062503920904,0.008,117.348,10.271,5.329,2.442,1.7000000000000002,-0.5120551783114646,0.8589525565270845,US-Tw4,2023
0.5434762953451252,0.2626488381624111,0.24581879255605849,0.10935603973428155,-0.5752378875348125,0.3544137017458868,285.53508758,1.3614763965960115,0.0,114.581,7.585,4.227,2.007,1.4000000000000001,-0.3893781415452015,0.9210779895789526,US-Tw4,2023
0.46666742415429197,0.22087844232901985,0.20426046180787538,0.00721665189133429,-0.5706460632979278,0.25193474421596934,285.5491961603896,0.6582164890309002,0.0,114.503,8.802,5.55,1.241,1.6,-0.2593382659754056,0.9657865518844574,US-Tw4,2023
0.5167317807790323,0.19316632576506723,0.17543754671542025,-0.013293267887074254,-0.534550934472803,0.18886508384744624,289.9446839461538,1.0133968518002845,0.512,86.569,13.705,4.335,3.975,2.6,0.6081214998935418,0.7938439653781019,US-NC4,2018
0.5568430441214653,0.2182988440991187,0.19993798038668642,0.03196496284519338,-0.5275181457737471,0.24590867704668723,286.45145060385715,1.3281271874441392,0.0,192.072,6.957,3.565,2.293,2.6,0.9958270335100595,0.09126072172931188,US-NC4,2018
0.5955788051760998,0.21428186126607524,0.1953653088298811,0.09637867015625898,-0.4879226915022123,0.23659011381616113,292.39479632757474,2.9155693935879152,0.0,283.029,13.888,8.57,3.31,5.2,0.9831469737221499,-0.1828169249850199,US-NC4,2018
0.764642367420361,0.37035857014312457,0.3567393441799731,0.2765377915568583,-0.4120334596111793,0.6735414297453524,297.41404987357146,4.410877832126884,0.0,281.083,19.582,8.555,2.01,4.800000000000001,0.8964562582905575,-0.44313223418263453,US-NC4,2018
0.8144742719095308,0.4364503012313356,0.43064103366551093,0.3446288437619784,-0.42818326167765103,0.9280908601257195,301.61110987485716,5.927240765361959,0.0,292.004,24.343,9.577,3.323,6.4,0.742280907086982,-0.6700888411055113,US-NC4,2018
0.8429944450646416,0.47176065072798534,0.4714061371669153,0.3494835493477037,-0.5145700822645682,1.0928902680848982,304.96194227166666,5.1528330872106265,6.728,233.159,26.42,6.356,3.102,5.9,-0.2614143985111562,-0.965226663665613,US-NC4,2018
0.8074835597865353,0.38565426458315866,0.37271912609940755,0.2875670994885108,-0.5502518557752385,0.7274265869887063,301.9322003012857,4.700907097189223,0.74,206.515,25.005,8.925,2.788,4.800000000000001,-0.9789888737409319,-0.20391367068311472,US-NC4,2018
0.7880914966208774,0.36344118730850516,0.3484920895885671,0.25108991964675853,-0.5760596922302498,0.6500137073075986,302.4062959515714,4.2791201401093195,0.219,192.144,25.545,8.077,1.408,4.1000000000000005,-0.9975590477788613,0.06982797572987089,US-NC4,2018
0.5606550040333476,0.18157869954078895,0.1635411418415953,0.006732592530722979,-0.5444758395044291,0.16352978177374458,283.33466396171434,0.9507356097468775,0.912,119.552,9.036,4.836,2.847,1.6,-0.12439450483979998,0.9922328391893008,US-NC4,2018
0.5535839865280754,0.18141012921440378,0.1634500687101607,0.0015144925807435853,-0.540146523549801,0.1631654944899059,285.27604235471426,0.770536113218643,0.157,128.544,11.651,7.665,3.776,2.2,0.1542040475626894,0.988039023376751,US-NC4,2019
0.5637489991448101,0.18294729233002047,0.16484225954423765,0.026016323695971958,-0.5356330342412443,0.16649184484692064,281.82928657228575,0.6716856651233263,0.0,149.687,6.484,4.401,2.012,1.6,0.4169258813287287,0.908940487313808,US-NC4,2019
0.5164551684002483,0.1925364800928037,0.17481808623367687,0.036270697884420444,-0.4816878997451638,0.1874728679223805,278.7293214714286,0.371267545597383,0.0,159.08,5.24,3.78,2.064,1.9000000000000001,0.6482618097757122,0.7614175109532997,US-NC4,2019
0.5580640665113681,0.19197171995472723,0.17373502897704257,0.016783708778208,-0.5340814673264624,0.18622601565708022,286.10794773199996,1.0594036957604296,0.0,191.867,9.545,7.592,1.9,2.4000000000000004,0.8307970168121247,0.5565755266413303,US-NC4,2019
0.566021482311603,0.20889918637364344,0.19038946046599703,0.03226261157743401,-0.5230146661631945,0.2242260406774692,291.2640960071428,1.3965503026119033,0.0,216.427,14.61,7.085,2.624,4.2,0.9507903724625832,0.3098349038318025,US-NC4,2019
0.7258036040541774,0.3239493914239555,0.306847454865271,0.2189926321887405,-0.4452740426796198,0.5245614706148812,297.78960889014286,4.838388637261632,8.54,260.312,20.567,10.535,5.249,4.7,0.9724075561219968,-0.23328854407545518,US-NC4,2019
0.8011300983645449,0.42780309512530934,0.4210100185285439,0.33104587840743926,-0.41997844007052415,0.8912382088837272,298.71319858485714,3.582264643928776,0.0,295.643,21.791,7.727,2.739,5.9,0.8724040568049612,-0.48878539428899265,US-NC4,2019
0.8291641132393475,0.48049296127290986,0.4824599132499157,0.3596833648621948,-0.4361089249095945,1.137763956438781,300.18080791478263,5.68545199556118,0.254,299.65,23.78,9.347,1.995,6.2,0.4878471454423119,-0.8729290708206411,US-NC4,2019
0.6528938932042194,0.3628711711365154,0.35172111738007455,0.25579438698340035,-0.3905083882838685,0.6480972214610335,306.48856292666665,4.913199949880736,0.914,300.773,26.307,10.137,3.209,7.2,0.23224292400907015,-0.9726578145718654,US-NC4,2019
0.8307257212228515,0.4340289408579217,0.4272882365862529,0.33067502853636166,-0.49911349845101555,0.9176463176232065,304.2975271082857,6.953139753216004,2.162,281.476,29.279,10.912,2.758,7.6000000000000005,-0.3108569682435036,-0.9504567035349151,US-NC4,2019
0.8151729172758475,0.3963753344743877,0.3845820214647215,0.31250484716733823,-0.5255511887266089,0.7668354209255858,304.63911241797587,5.519855705348825,2.607,226.24,27.341,8.469,3.513,5.300000000000001,-0.7621140503891487,-0.6474427960827475,US-NC4,2019
0.7705192784840508,0.3538251851017256,0.3383217523080411,0.2427211300390703,-0.5722042936447383,0.6181222305507686,300.1190464871429,3.080217200128969,0.0,222.233,21.557,7.587,1.955,4.7,-0.9882042449941422,-0.15314166701312007,US-NC4,2019
0.6824147705961674,0.2800305262185951,0.26113744931663796,0.14229229949502528,-0.5816897137153548,0.40004377380764605,294.7286173554286,1.6402345018347122,0.0,175.828,16.913,7.347,1.541,3.1,-0.9223291176290545,0.3864052261209853,US-NC4,2019
0.6153732895642375,0.23850296497165302,0.21947245654249603,0.08075264171069892,-0.5635519092132415,0.29401508901142426,286.2171616091428,0.776297853240014,0.0,148.561,8.292,5.154,2.406,1.4000000000000001,-0.7825970017677834,0.6225286602431057,US-NC4,2019
0.5794726700774371,0.20633392363958417,0.1876619575242168,0.03790432731750428,-0.5680223065399427,0.21838219029230543,286.6746310335714,0.44253490527960504,0.0,133.826,9.227,4.72,1.675,1.6,-0.5839514998576998,0.8117885474764613,US-NC4,2019
0.5589188770225136,0.19215790195510554,0.17390808402481434,0.006434016476851112,-0.54814120530448,0.1866369036836672,288.06591166014283,0.18302636209548653,0.001,80.848,11.938,2.96,0.897,1.6,-0.07304518821104743,0.9973286321364752,US-NC4,2019
0.5515756062209862,0.18987971060451578,0.1717554374404096,-0.01664092457337849,-0.561997884666698,0.1816196578253207,282.41728367,1.3232001148398234,0.167,126.341,7.413,4.077,2.631,1.8,0.4632579225674917,0.88622350294858,US-NC4,2020
0.46450557797146386,0.20372937119580728,0.18685205413370676,0.05620758333401203,-0.42016594724013706,0.21248045999013018,284.98067659785715,1.6012326663318923,4.272,102.916,18.615,4.172,4.415,4.5,0.6866759803451553,0.726963615332308,US-NC4,2020
0.5464445034096574,0.18833341651530314,0.17029748971484304,0.01759054766229437,-0.5251144512252296,0.17822726834741529,283.995326537,1.2245838707606558,0.395,198.153,6.689,5.698,3.389,2.4000000000000004,0.8584015232918917,0.512978386299228,US-NC4,2020
0.8409259505598388,0.44628747236310734,0.4412770555386809,0.351883584295511,-0.5145822110662903,0.9715749138589285,305.8854903714286,5.711972886906846,0.252,290.687,28.755,12.475,2.898,7.2,-0.3594718130884232,-0.9331559438780432,US-NC4,2020
0.8203295828412046,0.4068963885698273,0.3963738048584494,0.332279870565202,-0.5210457074793154,0.8069336133336227,302.6891126921428,4.293370976760039,0.0,168.421,26.6,9.002,2.434,4.800000000000001,-0.7944973291665992,-0.6072676460566135,US-NC4,2020
0.5569874992031201,0.18329345777734574,0.16525009275210084,0.016850046229653703,-0.5369086258882038,0.1672423220539942,281.41914858671424,1.5080104243403467,0.0,121.525,6.455,4.131,3.283,1.4000000000000001,-0.021501372740813793,0.999768818762748,US-NC4,2020
0.5532676478400165,0.18206171322661666,0.1640883352294433,0.01938168047291477,-0.53653231762069,0.16457426311040463,274.6663210974286,1.602104562595294,0.0,146.168,0.242,3.72,1.885,1.4000000000000001,0.49346814167723735,0.8697638720650646,US-NC4,2021
0.599815071560816,0.2251913100009211,0.20623911398075193,0.08928586950235416,-0.4809642330656451,0.2620842146432881,290.59724030514286,3.3427241495714513,0.0,274.651,12.684,9.881,2.797,4.800000000000001,0.9989315138848577,-0.046215046983708354,US-NC4,2021
0.7156761481240942,0.442402594341188,0.4415424539278484,0.2911806312962229,-0.3773046357549992,0.9541961253816705,289.7490392313781,4.533119461784632,0.017,210.257,16.538,7.873,3.116,3.8000000000000003,0.8271893372462497,-0.5619233046832195,US-NC4,2021
0.7795890999731934,0.42118695919666954,0.41405058843404674,0.30173116260528515,-0.44411281165382127,0.8638532027848765,295.32922857457146,4.751043266872787,0.0,298.882,20.478,10.297,1.215,5.300000000000001,0.6433365204044917,-0.765583517007675,US-NC4,2021
0.8265601734885344,0.4119667310945377,0.40198151498273726,0.3677543230742348,-0.4593768416372651,0.8267931407115191,296.4150684234286,5.269030992125341,1.089,247.107,26.509,8.734,3.25,6.4,-0.12652781683868314,-0.9919630595773397,US-NC4,2021
0.8246056310705435,0.4106404239092852,0.4005221922297492,0.3612836732021236,-0.44948907076895067,0.8215634963514546,300.53343724358973,4.6417968932819305,0.0,278.942,25.013,9.939,2.388,6.0,-0.3913578365610259,-0.9202385798054075,US-NC4,2021
0.7969657301044601,0.37701374707243046,0.3633276384283584,0.27265638075107035,-0.5623478587319932,0.696662931520156,298.55375609,3.4769788724813955,0.0,224.943,19.672,10.492,1.65,4.3,-0.9977068927101168,-0.06768276175455162,US-NC4,2021
0.6634124617357676,0.28057360561143846,0.2620497269948221,0.12289196030499862,-0.5762471098206368,0.4015004338962663,291.9614127778571,1.1344436840483076,0.0,152.017,13.28,5.962,1.537,2.2,-0.7825970017677834,0.6225286602431057,US-NC4,2021
0.6164558202880441,0.24692660721771142,0.2280458830532348,0.08665063038651395,-0.5767882064280104,0.3147111081120547,288.3150446274286,0.5889699871843702,0.0,145.511,10.976,4.457,1.739,1.8,-0.7262249146041543,0.6874571793269664,US-NC4,2021
0.5891643860551138,0.2275781994908623,0.20880163642082283,0.019306891783328353,-0.5942734748608232,0.2677418398056698,282.70740846285713,0.4844192777187909,0.0,128.518,5.8,4.928,2.505,1.8,-0.5120551783114646,0.8589525565270845,US-NC4,2021
0.5514396367726498,0.21034437085857552,0.19203742893036396,-0.017794523964520314,-0.5805787311618269,0.2275320107354435,290.49111078414285,0.5605683957282207,0.001,110.639,13.758,4.437,1.961,1.9000000000000001,-0.2593382659754056,0.9657865518844574,US-NC4,2021
0.5455647946115421,0.19645184041266664,0.178303598470409,-0.026522665533001276,-0.566948790517334,0.19615614832014464,285.0633845437143,0.4698652427165803,0.0,116.663,8.782,5.347,2.884,2.1,-0.12439450483979998,0.9922328391893008,US-NC4,2021
0.2959197770553139,0.13140246569914615,0.11838896182416667,-0.16346561504049575,-0.49824799207419374,0.06010252468988331,282.5320610775325,1.0813044149750717,0.0,198.178,3.514,2.949,1.184,2.3000000000000003,0.9335418911179212,0.35846832151248087,US-StJ,2018
0.3397834281319576,0.16606885688996875,0.15168172072892697,-0.09379010492744372,-0.4642486406655225,0.1305079862547811,297.424442282,1.880847560357394,0.011,239.176,16.09,5.86,1.425,4.7,0.8964562582905575,-0.44313223418263453,US-StJ,2018
0.5977124523048127,0.397766583455459,0.3943094455018209,0.2237583603454687,-0.33150322961786716,0.772054595858264,296.8596684846753,0.669959217270268,0.242,171.624,20.713,2.451,1.863,4.0,0.5322271388474397,-0.8466016020976267,US-StJ,2018
0.7167850523570012,0.40755656174156585,0.40048660952146437,0.2887715330715421,-0.4493035421458952,0.8094991482570281,303.8003724001298,3.1299480682188725,0.0,271.913,22.967,12.738,1.693,5.5,0.2821076626819194,-0.9593827529490743,US-StJ,2018
0.7455627366980279,0.44498632474699323,0.44330960419540877,0.3267012528323009,-0.4486471422780706,0.9657236379709426,307.02993520649346,3.9947421500417595,0.0,282.603,28.589,12.566,1.329,6.7,0.01075130776352193,-0.9999422030204416,US-StJ,2018
0.7395506091855742,0.4369193189672908,0.43398223315985435,0.3475753129117236,-0.4334093972037018,0.9301254963150708,309.1234576598701,2.999724946370178,3.924,181.404,27.122,7.07,1.586,5.4,-0.2614143985111562,-0.965226663665613,US-StJ,2018
0.8283326533065059,0.2723077796504077,0.2511358300173828,0.398402288754916,-0.4322271136873026,0.37953592367157446,304.59682291292575,2.362615200193405,2.386,185.312,26.861,5.849,2.142,5.4,-0.5139010013093103,-0.8578494977869301,US-StJ,2018
0.7569850940742255,0.42818769306681,0.42301439928338,0.2992987834139447,-0.5128158033789302,0.8928512918865291,306.743568755974,2.2313196291358888,1.224,198.429,27.124,5.051,0.988,4.7,-0.886721063082993,-0.46230483047981086,US-StJ,2018
0.6751076041221455,0.3253895987495015,0.30958435973280624,0.19248725271979958,-0.5119541387935758,0.528893568375845,302.70929675174517,1.5848267614708698,0.0,190.382,24.23,5.961,1.755,4.3,-0.9789888737409319,-0.20391367068311472,US-StJ,2018
0.5763082709934162,0.26095325979174216,0.24329108031523106,0.06261374911515581,-0.5548427038274494,0.3500622773320165,286.824391357922,3.0082570402603976,0.142,137.812,10.161,4.482,3.959,2.0,-0.9410336347451197,0.3383130181923076,US-StJ,2018
0.44102264388284673,0.18577515141848314,0.1692813127885257,-0.0720938824757189,-0.5584184251484055,0.17263762656707266,275.5967579296104,0.7524503384581614,0.0,113.862,-0.8,2.062,2.855,1.2000000000000002,-0.6250496486104377,0.7805849965070866,US-StJ,2018
0.3415072214997606,0.13700029546487574,0.12303570868696019,-0.14655669042316719,-0.532388394565262,0.0711704062330815,277.16138987701305,0.9468929451450747,0.004,102.935,1.817,2.169,2.305,1.6,0.4169258813287287,0.908940487313808,US-StJ,2019
0.3207643723318537,0.13263923284828738,0.11914704197503878,-0.18378744713646772,-0.5429237144653886,0.06253825250145234,276.7418538161039,0.45298684039060344,0.152,134.87,-0.803,1.804,0.859,1.3,0.6482618097757122,0.7614175109532997,US-StJ,2019
0.2946994085459965,0.14045747362706495,0.12728611214361354,-0.13626121574736552,-0.47416927756812155,0.07806195056821089,286.2643243664935,1.05015173652251,0.0,182.128,12.175,4.971,2.562,4.3,0.9507903724625832,0.3098349038318025,US-StJ,2019
0.30459340335610774,0.1351980003822207,0.1219229230334251,-0.11740452640678636,-0.45897486582177127,0.06759477390313239,291.1736146551948,2.187158286775158,0.0,213.155,15.698,7.049,2.558,5.1000000000000005,0.9992088560679753,0.03977011384605572,US-StJ,2019
0.40612318064604014,0.19418121713568876,0.1784338575184659,-0.055542019972295756,-0.5135474344727491,0.19111212534331787,292.73765215184466,1.1061520888194432,8.47,216.517,15.028,5.147,4.612,3.2,0.9724075561219968,-0.23328854407545518,US-StJ,2019
0.5340723079857905,0.2825253667424431,0.2671855378794194,0.0901974997833717,-0.44020477830801263,0.4067514899243366,298.1962770675325,2.427983212958905,0.0,229.361,20.915,7.842,2.125,5.5,0.7067265555776158,-0.7074868024503348,US-StJ,2019
0.6977729347666028,0.39507887276971815,0.38678847049315185,0.26230465673612274,-0.4615809775738037,0.761994045746707,306.5756566738961,2.411410258241148,1.811,219.31,26.632,5.364,1.337,4.7,-0.04084439154329611,-0.9991655196610109,US-StJ,2019
0.7071129808117855,0.3943285183241782,0.38558769527167575,0.25872253813878543,-0.49033380699821233,0.7592017122294706,310.5691987384415,4.295317311073482,0.007,261.884,31.649,14.97,1.498,7.0,-0.3108569682435036,-0.9504567035349151,US-StJ,2019
0.6460044094198102,0.3302503143889084,0.31567149271969475,0.1800503149637494,-0.5054477542050406,0.5436418297165655,302.77066798103897,1.2396509394048847,0.013,181.753,24.011,7.768,1.501,4.800000000000001,-0.9882042449941422,-0.15314166701312007,US-StJ,2019
0.5236591352762996,0.22191528545119707,0.20415195348276413,0.018350841019593472,-0.5428994284861315,0.25436620150550104,293.1395014353247,1.2307997906281087,0.0,148.975,13.992,6.506,0.967,2.2,-0.9223291176290545,0.3864052261209853,US-StJ,2019
0.4619179474815165,0.19193840801120696,0.17506331012884346,-0.04113610630852255,-0.545235236294896,0.18615251519817114,281.34196865935064,0.5935540029660512,0.0,128.865,2.078,2.526,1.128,1.4000000000000001,-0.7825970017677834,0.6225286602431057,US-StJ,2019
0.40287219793880574,0.16355683384525213,0.14795004916670695,-0.06896579622512965,-0.5343241546776551,0.12525182162316012,285.12724824987015,0.4914368170334717,0.0,105.522,7.407,2.467,1.464,1.6,-0.5839514998576998,0.8117885474764613,US-StJ,2019
0.3063870694282801,0.12333708497565671,0.1104024215852521,-0.23314307487140404,-0.55660305439889,0.04434935834149442,279.1583273712987,1.158917567876929,0.038,148.995,1.26,2.675,3.29,2.0,0.8584015232918917,0.512978386299228,US-StJ,2020
0.2872274874434582,0.15138994160586644,0.13833625336340122,-0.16393045083296834,-0.4871677314251752,0.10014360618020401,286.5793296815584,0.6625354341340977,0.124,175.747,6.613,2.375,2.072,2.9000000000000004,0.9655071658143364,0.2603764827344581,US-StJ,2020
0.33618546589480475,0.16011561792606777,0.14582279321527725,-0.14139127909720417,-0.4857142857142856,0.11809197932026219,290.18971318376623,1.3581047495991914,0.082,216.577,8.766,4.929,1.433,3.3000000000000003,0.9590788900341131,-0.28313898122818354,US-StJ,2020
0.699087970965013,0.4322330651065939,0.43017640122113127,0.29592065847909943,-0.4246428331880072,0.9099634212898999,305.0476537676623,2.4547477881401103,8.065,221.464,27.247,5.738,1.214,5.5,-0.3594718130884232,-0.9331559438780432,US-StJ,2020
0.7346019575428685,0.4065504589497736,0.39867490690620494,0.26897093165344255,-0.4991951202496898,0.8055916651503102,308.96651968765957,1.5539771482803237,5.701,175.249,25.286,3.594,0.935,4.6000000000000005,-0.7944973291665992,-0.6072676460566135,US-StJ,2020
0.7074480065348364,0.3794378784774381,0.36860254514052954,0.2537742418926165,-0.48743342285942737,0.7052072376061637,302.332828497013,1.8979509580590992,0.013,182.632,23.446,4.371,1.398,4.2,-0.9296339319682695,-0.3684843993077793,US-StJ,2020
0.36837610057431025,0.16177633821709472,0.14680204105177727,-0.12590123978852077,-0.5492809856146569,0.12154147365481363,288.68512593402596,0.5136482389118464,0.362,89.807,13.082,3.234,2.212,1.8,-0.29240597695107734,0.9562942772197719,US-StJ,2020
0.3508937806194619,0.1502523453516541,0.13578506204890353,-0.14359414947897592,-0.5553672570407473,0.0978250689777861,277.7407886568831,0.669329819751201,0.0,98.345,3.343,2.792,2.673,1.7000000000000002,-0.021501372740813793,0.999768818762748,US-StJ,2020
